REGION_PROVINCE_CITY_MUNICIPALITY,POP_2010,POP_2015,POP_2020,POP_2024,PGR_2010_2015,PGR_2015_2020,PGR_2015_2024,PGR_2020_2024
NATIONAL CAPITAL REGION (NCR),11855975,12877253,13484462,14001751,1.58,0.97,0.94,0.91
CITY OF CALOOCAN,1489040,1583978,1661584,1712945,1.18,1.01,0.88,0.73
CITY OF LAS PIÑAS,552573,588894,606293,615549,1.22,0.61,0.5,0.36
CITY OF MAKATI,263683,280150,292743,309770,1.16,0.93,1.13,1.37
CITY OF MALABON,353337,365525,380522,389929,0.65,0.85,0.73,0.59
CITY OF MANDALUYONG,328699,386276,425758,465902,3.12,2.07,2.12,2.18
CITY OF MANILA,1652171,1780148,1846513,1902590,1.43,0.77,0.75,0.72
CITY OF MARIKINA,424150,450741,456059,471323,1.16,0.25,0.5,0.79
CITY OF MUNTINLUPA,459941,504509,543445,552225,1.78,1.58,1.02,0.39
CITY OF NAVOTAS,249131,249463,247543,252878,0.03,-0.16,0.15,0.51
CITY OF PARAÑAQUE,588126,665822,689992,703245,2.39,0.75,0.61,0.46
PASAY CITY,392869,416522,440656,453186,1.12,1.19,0.95,0.67
CITY OF PASIG,669773,755300,803159,853050,2.31,1.3,1.37,1.46
QUEZON CITY,2761720,2936116,2960048,3084270,1.17,0.17,0.55,0.99
CITY OF SAN JUAN,121430,122180,126347,134312,0.12,0.71,1.07,1.48
CITY OF TAGUIG,909829,1107367,1223595,1308085,3.81,2.12,1.88,1.61
CITY OF VALENZUELA,575356,620422,714978,725173,1.45,3.03,1.76,0.34
PATEROS,64147,63840,65227,67319,-0.09,0.45,0.6,0.76
CORDILLERA ADMINISTRATIVE REGION (CAR),1616867,1722006,1797660,1808985,1.21,0.91,0.55,0.15
ABRA,234733,241160,250985,246948,0.52,0.84,0.27,-0.39
BANGUED,43936,48163,50382,48331,1.76,0.95,0.04,-0.99
BOLINEY,4063,3573,4551,3778,-2.42,5.22,0.63,-4.37
BUCAY,17126,17115,17953,17775,-0.01,1.01,0.42,-0.24
BUCLOC,2176,2501,2395,2264,2.68,-0.91,-1.11,-1.34
DAGUIOMAN,1715,2088,2019,1773,3.82,-0.7,-1.82,-3.07
DANGLAS,4734,4192,4074,4372,-2.29,-0.6,0.47,1.71
DOLORES,11499,11315,11512,11967,-0.31,0.36,0.63,0.93
LA PAZ,14882,15437,16493,16014,0.7,1.4,0.41,-0.7
LACUB,2977,3403,3612,3649,2.58,1.26,0.79,0.24
LAGANGILANG,13824,14255,14914,14577,0.59,0.96,0.25,-0.55
LAGAYAN,4477,4499,4488,5154,0.09,-0.05,1.53,3.37
LANGIDEN,3170,3198,3576,3457,0.17,2.38,0.88,-0.81
LICUAN-BAAY,4864,4689,4566,4301,-0.69,-0.56,-0.96,-1.42
LUBA,6391,6339,6518,6402,-0.16,0.59,0.11,-0.43
MALIBCONG,3807,3428,4027,4167,-1.98,3.45,2.21,0.82
MANABO,10756,10761,11611,11087,0.01,1.61,0.34,-1.1
PEÑARRUBIA,6544,6640,6951,7003,0.28,0.97,0.6,0.18
PIDIGAN,11528,12185,12475,12058,1.06,0.5,-0.12,-0.81
PILAR,9908,10223,10146,10498,0.6,-0.16,0.3,0.82
SALLAPADAN,5985,6622,6389,6328,1.94,-0.75,-0.51,-0.23
SAN ISIDRO,4888,4574,4745,4771,-1.26,0.78,0.47,0.13
SAN JUAN,10546,9867,10688,10777,-1.26,1.7,0.99,0.2
SAN QUINTIN,5233,5438,5705,5963,0.73,1.01,1.04,1.07
TAYUM,13940,14467,14869,14808,0.71,0.58,0.26,-0.1
TINEG,4668,5097,4977,5059,1.69,-0.5,-0.08,0.39
TUBO,5719,5699,5674,4941,-0.07,-0.09,-1.59,-3.26
VILLAVICIOSA,5377,5392,5675,5674,0.05,1.08,0.57,0.0
APAYAO,112636,119184,124366,126587,1.08,0.9,0.68,0.43
CALANASAN,11568,12604,12550,12176,1.65,-0.09,-0.39,-0.72
CONNER,24811,26051,27552,28360,0.93,1.19,0.96,0.7
FLORA,16743,17391,17944,18271,0.73,0.66,0.55,0.43
KABUGAO,16170,15537,16215,16425,-0.76,0.9,0.62,0.31
LUNA,18029,19063,21297,21630,1.07,2.36,1.43,0.37
PUDTOL,13305,14925,15491,15676,2.21,0.79,0.55,0.29
SANTA MARCELA,12010,13613,13317,14049,2.41,-0.46,0.35,1.29
BENGUET,403944,446224,460683,473190,1.91,0.67,0.66,0.64
ATOK,19242,19668,19218,19346,0.42,-0.49,-0.18,0.16
BAKUN,13587,15357,14535,15399,2.36,-1.15,0.03,1.39
BOKOD,12648,13756,14435,16071,1.61,1.02,1.76,2.61
BUGUIAS,39271,43627,44877,45703,2.02,0.6,0.52,0.44
ITOGON,55960,59820,61498,59736,1.28,0.58,-0.02,-0.69
KABAYAN,13588,15260,15806,15841,2.23,0.74,0.42,0.05
KAPANGAN,20084,19361,19297,20048,-0.7,-0.07,0.39,0.92
KIBUNGAN,16850,17292,17051,16884,0.49,-0.29,-0.27,-0.24
LA TRINIDAD,107188,129133,137404,142925,3.61,1.31,1.14,0.95
MANKAYAN,35586,35953,37233,38647,0.2,0.74,0.81,0.9
SABLAN,10511,11457,11588,12436,1.65,0.24,0.92,1.71
TUBA,42874,47648,48312,49268,2.03,0.29,0.38,0.47
TUBLAY,16555,17892,19429,20886,1.49,1.75,1.75,1.75
CITY OF BAGUIO,318676,345366,366358,368426,1.54,1.25,0.73,0.14
IFUGAO,191078,202802,207498,208668,1.14,0.48,0.32,0.13
BANAUE,22365,21837,20652,20143,-0.45,-1.17,-0.9,-0.6
HUNGDUAN,9933,9400,8866,8970,-1.04,-1.22,-0.52,0.28
KIANGAN,15837,17048,17691,17849,1.41,0.78,0.52,0.21
LAGAWE,18077,19333,18876,19124,1.29,-0.5,-0.12,0.31
LAMUT,23088,25279,26235,26520,1.74,0.78,0.54,0.26
MAYOYAO,16413,17331,15621,15525,1.04,-2.16,-1.23,-0.15
ALFONSO LISTA,28410,32119,34061,34810,2.36,1.24,0.91,0.52
AGUINALDO,18610,19408,21128,20924,0.8,1.8,0.85,-0.23
HINGYON,9795,9227,9930,9966,-1.13,1.56,0.87,0.09
TINOC,14147,16559,18475,18749,3.04,2.33,1.4,0.35
ASIPULO,14403,15261,15963,16088,1.11,0.95,0.59,0.19
KALINGA,201613,212680,229570,235391,1.02,1.62,1.14,0.6
BALBALAN,12082,12195,12914,13332,0.18,1.21,1.0,0.77
LUBUAGAN,9369,8733,9323,8660,-1.33,1.38,-0.09,-1.75
PASIL,9626,9644,10577,10690,0.04,1.96,1.16,0.26
PINUKPUK,29596,32026,34275,35033,1.51,1.44,1.01,0.53
RIZAL,15942,17038,19554,20491,1.27,2.94,2.09,1.13
CITY OF TABUK,103912,110642,121033,122771,1.2,1.91,1.17,0.34
TANUDAN,8529,9534,8746,11103,2.14,-1.8,1.72,5.89
TINGLAYAN,12557,12868,13148,13311,0.47,0.45,0.38,0.3
MOUNTAIN PROVINCE,154187,154590,158200,149775,0.05,0.49,-0.35,-1.3
BARLIG,5838,4819,4796,4363,-3.58,-0.1,-1.11,-2.24
BAUKO,30172,31065,32021,31470,0.56,0.64,0.15,-0.42
BESAO,7818,7040,6873,6315,-1.97,-0.5,-1.21,-2.01
BONTOC,23980,24643,24104,23466,0.52,-0.46,-0.55,-0.64
NATONIN,10048,10272,10339,8906,0.42,0.14,-1.59,-3.51
PARACELIS,26476,28121,31168,30143,1.15,2.19,0.78,-0.8
SABANGAN,8741,9315,9621,8556,1.22,0.68,-0.95,-2.77
SADANGA,9181,8799,8427,7781,-0.81,-0.9,-1.37,-1.89
SAGADA,11244,11127,11510,10702,-0.2,0.71,-0.44,-1.73
TADIAN,20689,19389,19341,18073,-1.23,-0.05,-0.78,-1.61
REGION I (ILOCOS REGION),4748372,5026128,5301139,5342453,1.09,1.13,0.69,0.19
ILOCOS NORTE,568017,593081,609588,618850,0.83,0.58,0.48,0.36
ADAMS,1785,1792,2189,2279,0.07,4.3,2.73,0.97
BACARRA,31648,32215,33496,32734,0.34,0.82,0.18,-0.55
BADOC,30708,31616,32530,32832,0.56,0.6,0.42,0.22
BANGUI,14227,14672,15019,15227,0.59,0.49,0.42,0.33
CITY OF BATAC,53542,55201,55484,56781,0.58,0.11,0.32,0.56
BURGOS,9687,9777,10759,10962,0.18,2.03,1.29,0.45
CARASI,1473,1567,1607,1775,1.18,0.53,1.41,2.41
CURRIMAO,11970,12184,12215,12256,0.34,0.05,0.07,0.08
DINGRAS,37021,38562,40127,40176,0.78,0.84,0.46,0.03
DUMALNEG,2612,2947,3087,3452,2.32,0.98,1.79,2.72
BANNA,19051,19438,19297,19363,0.38,-0.15,-0.04,0.08
CITY OF LAOAG,104904,111125,111651,112117,1.1,0.1,0.1,0.1
MARCOS,16984,17777,18010,18105,0.87,0.27,0.21,0.13
NUEVA ERA,7837,9506,11968,13305,3.74,4.96,3.84,2.57
PAGUDPUD,21877,23770,25098,25565,1.59,1.15,0.82,0.44
PAOAY,23956,24866,25001,24204,0.71,0.11,-0.3,-0.77
PASUQUIN,27952,28980,29678,30521,0.69,0.5,0.58,0.67
PIDDIG,20606,21497,22475,22781,0.81,0.94,0.65,0.32
PINILI,16732,17300,17626,17705,0.64,0.39,0.26,0.11
SAN NICOLAS,34237,36736,38895,39116,1.35,1.21,0.71,0.14
SARRAT,24770,25212,25186,26294,0.34,-0.02,0.47,1.04
SOLSONA,22990,24121,24851,26249,0.92,0.63,0.95,1.32
VINTAR,31448,32220,33339,35051,0.46,0.72,0.95,1.21
ILOCOS SUR,658587,689668,706009,709991,0.88,0.49,0.33,0.13
ALILEM,6640,6695,7361,7736,0.16,2.02,1.63,1.2
BANAYOYO,7694,7748,7931,7953,0.13,0.49,0.29,0.07
BANTAY,34323,35731,37118,37088,0.77,0.8,0.42,-0.02
BURGOS,11679,12224,12793,13026,0.87,0.96,0.71,0.43
CABUGAO,35706,37501,38884,38981,0.94,0.76,0.43,0.06
CITY OF CANDON,57884,60623,61432,61315,0.88,0.28,0.13,-0.05
CAOAYAN,18551,19861,19574,19715,1.31,-0.31,-0.08,0.17
CERVANTES,16573,17211,19449,20065,0.72,2.61,1.73,0.75
GALIMUYOD,10011,10748,10244,10263,1.36,-1.01,-0.52,0.04
GREGORIO DEL PILAR,4219,4875,4472,4385,2.79,-1.8,-1.18,-0.47
LIDLIDDA,4398,4647,4705,4846,1.05,0.26,0.47,0.71
MAGSINGAL,28302,30792,31308,31970,1.62,0.35,0.42,0.5
NAGBUKEL,4938,5259,5465,5370,1.21,0.81,0.23,-0.42
NARVACAN,42803,44006,46234,46265,0.53,1.04,0.56,0.02
QUIRINO,8535,8573,9306,9460,0.08,1.74,1.11,0.39
SALCEDO,10935,11288,11110,11196,0.61,-0.33,-0.09,0.19
SAN EMILIO,7427,7407,7206,7513,-0.05,-0.58,0.16,1.01
SAN ESTEBAN,8072,8349,8381,8621,0.64,0.08,0.36,0.68
SAN ILDEFONSO,7075,7787,8190,8213,1.84,1.07,0.6,0.07
SAN JUAN,25199,26411,26674,26709,0.9,0.21,0.13,0.03
SAN VICENTE,11720,12758,13118,13074,1.63,0.59,0.27,-0.08
SANTA,15106,15340,14992,15164,0.29,-0.48,-0.13,0.27
SANTA CATALINA,13597,13945,14493,14319,0.48,0.81,0.3,-0.29
SANTA CRUZ,37911,39868,41366,41296,0.96,0.78,0.4,-0.04
SANTA LUCIA,24981,25402,25966,26200,0.32,0.46,0.35,0.22
SANTA MARIA,28597,30321,30006,30076,1.12,-0.22,-0.09,0.06
SANTIAGO,17958,18759,19471,19771,0.83,0.79,0.59,0.37
SANTO DOMINGO,27596,27975,29041,29372,0.26,0.79,0.55,0.27
SIGAY,2419,2737,2552,2577,2.38,-1.46,-0.67,0.23
SINAIT,25427,25640,25998,26059,0.16,0.29,0.18,0.06
SUGPON,3820,4585,4930,4238,3.53,1.54,-0.88,-3.56
SUYO,10622,11446,10766,11051,1.43,-1.28,-0.39,0.63
TAGUDIN,38122,39277,41538,41606,0.57,1.18,0.65,0.04
CITY OF VIGAN,49747,53879,53935,54498,1.53,0.02,0.13,0.25
LA UNION,741906,786653,822352,825072,1.12,0.94,0.54,0.08
AGOO,60596,63692,66028,65256,0.95,0.76,0.27,-0.28
ARINGAY,44949,47458,50380,50786,1.04,1.26,0.76,0.19
BACNOTAN,40307,42078,44388,45203,0.82,1.13,0.81,0.44
BAGULIN,12590,13456,14428,14434,1.27,1.48,0.79,0.01
BALAOAN,37910,39188,40339,40440,0.63,0.61,0.35,0.06
BANGAR,34522,35947,38041,38190,0.77,1.2,0.68,0.09
BAUANG,70735,75032,78449,77670,1.13,0.94,0.39,-0.24
BURGOS,7850,8067,9006,9121,0.52,2.34,1.39,0.3
CABA,21244,22039,23119,23432,0.7,1.01,0.69,0.32
LUNA,35380,35802,37318,38076,0.23,0.88,0.69,0.48
NAGUILIAN,48407,54221,52189,53443,2.18,-0.8,-0.16,0.57
PUGO,16518,19690,19337,19107,3.4,-0.38,-0.34,-0.29
ROSARIO,52679,55458,60278,58797,0.98,1.77,0.66,-0.59
CITY OF SAN FERNANDO,114963,121812,125640,124809,1.11,0.65,0.27,-0.16
SAN GABRIEL,16628,18172,18943,18579,1.7,0.88,0.25,-0.46
SAN JUAN,35098,37188,40507,41319,1.11,1.81,1.19,0.48
SANTO TOMAS,35999,39092,40846,42777,1.58,0.93,1.01,1.11
SANTOL,12007,12476,14166,14877,0.73,2.71,1.99,1.18
SUDIPEN,16531,17056,17187,16888,0.6,0.16,-0.11,-0.42
TUBAO,26993,28729,31763,31868,1.19,2.13,1.17,0.08
PANGASINAN,2779862,2956726,3163190,3188540,1.18,1.43,0.85,0.19
AGNO,27508,28052,29947,29270,0.37,1.38,0.48,-0.55
AGUILAR,39529,41463,45100,45363,0.91,1.78,1.01,0.14
CITY OF ALAMINOS,85025,89708,99397,100430,1.03,2.18,1.27,0.25
ALCALA,41077,43402,48908,49479,1.05,2.54,1.48,0.28
ANDA,37011,39504,41548,42688,1.25,1.07,0.87,0.65
ASINGAN,56353,57355,57811,58349,0.34,0.17,0.19,0.22
BALUNGAO,26678,31106,30004,30678,2.97,-0.76,-0.16,0.53
BANI,45758,50306,52603,52715,1.82,0.94,0.53,0.05
BASISTA,30385,32959,37679,37840,1.56,2.86,1.56,0.1
BAUTISTA,30193,32307,35398,35728,1.3,1.94,1.13,0.22
BAYAMBANG,111521,118205,129011,129506,1.11,1.86,1.03,0.09
BINALONAN,52832,54555,56382,56560,0.61,0.7,0.41,0.08
BINMALEY,78702,83052,86881,88006,1.03,0.95,0.65,0.31
BOLINAO,74545,82084,83979,84658,1.85,0.48,0.35,0.19
BUGALLON,64253,67348,74962,76027,0.9,2.28,1.37,0.34
BURGOS,18315,21637,23749,23240,3.22,1.98,0.8,-0.52
CALASIAO,91109,95154,100471,100686,0.83,1.15,0.64,0.05
CITY OF DAGUPAN,163676,171271,174302,174777,0.87,0.37,0.23,0.07
DASOL,26991,29110,31355,31842,1.45,1.58,1.01,0.37
INFANTA,23455,24584,26242,26837,0.9,1.38,0.99,0.54
LABRADOR,21149,23201,26811,26995,1.78,3.09,1.71,0.16
LINGAYEN,98740,103278,107728,108510,0.86,0.89,0.56,0.17
MABINI,24011,24765,26454,26589,0.59,1.4,0.8,0.12
MALASIQUI,123566,130275,143094,144344,1.01,1.99,1.16,0.21
MANAOAG,64578,69497,76045,76606,1.41,1.91,1.1,0.18
MANGALDAN,98905,106331,113185,113302,1.39,1.32,0.71,0.02
MANGATAREM,69969,73241,79323,79648,0.87,1.69,0.94,0.1
MAPANDAN,34439,37059,38058,38228,1.41,0.56,0.35,0.11
NATIVIDAD,22713,24299,25771,26721,1.29,1.24,1.07,0.87
POZORRUBIO,66111,69555,74729,75143,0.97,1.52,0.87,0.13
ROSALES,59687,63081,66711,67510,1.06,1.18,0.76,0.29
CITY OF SAN CARLOS,175103,188571,205424,208330,1.42,1.82,1.12,0.34
SAN FABIAN,77899,83025,87428,87714,1.22,1.09,0.62,0.08
SAN JACINTO,37737,40848,44351,44713,1.52,1.75,1.02,0.2
SAN MANUEL,46875,52939,54271,56876,2.34,0.52,0.81,1.13
SAN NICOLAS,34108,35574,39778,40144,0.8,2.38,1.36,0.22
SAN QUINTIN,32626,32945,33980,34322,0.19,0.65,0.46,0.24
SANTA BARBARA,76637,82012,92187,92420,1.3,2.49,1.35,0.06
SANTA MARIA,31091,33038,34220,34452,1.16,0.74,0.47,0.16
SANTO TOMAS,14406,15022,14878,14894,0.8,-0.2,-0.1,0.03
SISON,43979,47518,52320,51439,1.48,2.05,0.89,-0.41
SUAL,31216,34149,39091,38625,1.72,2.88,1.39,-0.29
TAYUG,40018,43149,45241,45476,1.44,1.0,0.59,0.12
UMINGAN,67534,73252,77074,78940,1.56,1.08,0.84,0.58
URBIZTONDO,47831,50170,55557,56349,0.91,2.17,1.31,0.34
CITY OF URDANETA,125451,132940,144577,145935,1.11,1.78,1.05,0.22
VILLASIS,59111,62333,65047,65086,1.02,0.9,0.49,0.01
LAOAC,29456,31497,34128,34550,1.28,1.7,1.04,0.3
REGION II (CAGAYAN VALLEY),3229163,3451410,3685744,3777608,1.27,1.39,1.02,0.59
BATANES,16604,17246,18831,18937,0.72,1.87,1.05,0.13
BASCO,7907,8579,9517,9647,1.56,2.21,1.32,0.33
ITBAYAT,2988,2867,3128,2937,-0.78,1.85,0.27,-1.5
IVANA,1249,1327,1407,1368,1.16,1.24,0.34,-0.67
MAHATAO,1583,1555,1703,1745,-0.34,1.93,1.3,0.59
SABTANG,1637,1621,1696,1774,-0.19,0.96,1.02,1.08
UYUGAN,1240,1297,1380,1466,0.86,1.31,1.38,1.46
CAGAYAN,1124773,1199320,1268603,1284676,1.23,1.19,0.77,0.3
ABULUG,30675,32497,34579,35347,1.1,1.31,0.95,0.53
ALCALA,37773,38883,41295,41468,0.55,1.27,0.72,0.1
ALLACAPAN,31662,33571,35234,35946,1.12,1.02,0.77,0.48
AMULUNG,45182,47860,50336,50903,1.1,1.07,0.69,0.27
APARRI,61199,65649,68839,68368,1.34,1.0,0.46,-0.16
BAGGAO,78188,82782,87753,90723,1.09,1.23,1.03,0.8
BALLESTEROS,32215,34299,34488,34562,1.2,0.12,0.09,0.05
BUGUEY,28455,30175,32148,32351,1.12,1.34,0.78,0.15
CALAYAN,16200,16702,17410,18008,0.58,0.88,0.85,0.81
CAMALANIUGAN,23404,24923,25236,25629,1.2,0.26,0.31,0.37
CLAVERIA,30482,29921,31900,32997,-0.35,1.36,1.1,0.81
ENRILE,32553,35834,36705,36481,1.84,0.51,0.2,-0.15
GATTARAN,54848,56661,58874,59704,0.62,0.81,0.59,0.34
GONZAGA,36303,38892,41680,41994,1.32,1.47,0.86,0.18
IGUIG,25559,27862,30060,31342,1.66,1.61,1.33,1.01
LAL-LO,41388,44506,48733,48404,1.39,1.93,0.95,-0.16
LASAM,36994,39135,41225,42042,1.08,1.1,0.81,0.47
PAMPLONA,23236,23596,24781,25182,0.29,1.04,0.73,0.39
PEÑABLANCA,42736,48584,50300,50856,2.47,0.73,0.51,0.26
PIAT,22961,23597,24805,25436,0.52,1.06,0.84,0.6
RIZAL,18592,17994,19077,19577,-0.62,1.24,0.95,0.62
SANCHEZ-MIRA,23257,24541,26164,26292,1.03,1.36,0.78,0.12
SANTA ANA,30458,32906,35688,34595,1.48,1.72,0.56,-0.74
SANTA PRAXEDES,3646,4154,4434,4643,2.51,1.38,1.25,1.11
SANTA TERESITA,17600,19038,19573,19476,1.51,0.58,0.26,-0.12
SANTO NIÑO,26126,27219,28537,29066,0.78,1.0,0.74,0.44
SOLANA,76596,82502,88445,89840,1.42,1.47,0.96,0.38
TUAO,57620,61535,63970,66147,1.26,0.82,0.81,0.81
TUGUEGARAO CITY,138865,153502,166334,167297,1.93,1.7,0.97,0.14
ISABELA,1489645,1593566,1697050,1733048,1.29,1.33,0.94,0.5
ALICIA,64687,71504,73874,74699,1.92,0.69,0.49,0.27
ANGADANAN,40143,43061,44977,45970,1.34,0.92,0.74,0.53
AURORA,33045,35017,36621,37191,1.11,0.95,0.68,0.37
BENITO SOLIVEN,27337,29624,29752,30682,1.54,0.09,0.39,0.74
BURGOS,22521,23784,26040,26729,1.04,1.92,1.32,0.63
CABAGAN,45732,50174,53897,55445,1.78,1.52,1.13,0.68
CABATUAN,37299,39413,39990,40223,1.05,0.31,0.23,0.14
CITY OF CAUAYAN,122335,129523,143403,143539,1.09,2.16,1.16,0.02
CORDON,40877,42926,46477,46688,0.94,1.69,0.95,0.11
DINAPIGUE,5484,5005,5821,6116,-1.72,3.23,2.27,1.19
DIVILACAN,5034,5687,5827,5871,2.35,0.51,0.36,0.18
ECHAGUE,74680,79094,88410,91320,1.1,2.37,1.62,0.78
GAMU,28657,29904,30655,30850,0.81,0.52,0.35,0.15
CITY OF ILAGAN,135174,145568,158218,164020,1.42,1.77,1.35,0.87
JONES,44218,45666,45628,46160,0.62,-0.02,0.12,0.28
LUNA,18091,19326,20697,21015,1.26,1.45,0.94,0.37
MACONACON,3615,4253,3977,4252,3.14,-1.4,0.0,1.62
DELFIN ALBANO,25422,26614,29928,30860,0.88,2.5,1.67,0.74
MALLIG,28345,30459,32208,32509,1.38,1.18,0.73,0.22
NAGUILIAN,29491,31902,33788,34520,1.51,1.22,0.89,0.52
PALANAN,16094,17260,17684,18091,1.34,0.51,0.53,0.55
QUEZON,24522,25860,27037,28376,1.02,0.94,1.05,1.17
QUIRINO,22285,24501,25023,25205,1.82,0.44,0.32,0.17
RAMON,49812,52707,56523,57412,1.08,1.48,0.96,0.37
REINA MERCEDES,23497,26998,27900,28222,2.68,0.69,0.5,0.28
ROXAS,57699,61773,65839,66593,1.31,1.35,0.85,0.27
SAN AGUSTIN,21797,22880,22096,22228,0.93,-0.73,-0.32,0.14
SAN GUILLERMO,18423,20200,20915,21043,1.77,0.73,0.46,0.15
SAN ISIDRO,22758,24861,27044,27326,1.7,1.79,1.07,0.25
SAN MANUEL,30407,31896,34085,34740,0.91,1.41,0.96,0.46
SAN MARIANO,51438,55370,60124,61876,1.41,1.75,1.25,0.69
SAN MATEO,60792,64505,66663,67433,1.13,0.69,0.5,0.28
SAN PABLO,22040,25384,26320,26462,2.72,0.76,0.47,0.13
SANTA MARIA,22939,25382,25758,25919,1.94,0.31,0.23,0.15
CITY OF SANTIAGO,132804,134830,148580,150313,0.29,2.06,1.23,0.28
SANTO TOMAS,21688,23005,24528,25997,1.13,1.36,1.38,1.4
TUMAUINI,58463,67650,70743,77153,2.82,0.94,1.48,2.1
NUEVA VIZCAYA,421355,452287,497432,530106,1.36,2.02,1.8,1.54
AMBAGUIO,13452,15250,15472,16401,2.42,0.3,0.82,1.41
ARITAO,37115,37225,42197,45000,0.06,2.67,2.15,1.55
BAGABAG,35462,35501,37985,39138,0.02,1.43,1.1,0.72
BAMBANG,47657,53433,55789,60146,2.2,0.91,1.34,1.82
BAYOMBONG,57416,61512,67714,72890,1.32,2.04,1.92,1.78
DIADI,16484,18122,19236,20438,1.82,1.26,1.36,1.46
DUPAX DEL NORTE,25697,27514,33295,35509,1.31,4.09,2.9,1.56
DUPAX DEL SUR,18146,19111,21224,22388,0.99,2.23,1.79,1.29
KASIBU,33379,37705,41776,46845,2.35,2.18,2.46,2.78
KAYAPA,21453,23714,26469,27865,1.93,2.34,1.82,1.24
QUEZON,19385,21056,24055,25306,1.59,2.84,2.08,1.22
SANTA FE,14427,16180,18276,18950,2.21,2.6,1.79,0.87
SOLANO,56134,59517,65287,69296,1.12,1.97,1.72,1.44
VILLAVERDE,17720,18507,20118,21001,0.83,1.77,1.43,1.04
ALFONSO CASTANEDA,7428,7940,8539,8933,1.28,1.54,1.33,1.09
QUIRINO,176786,188991,203828,210841,1.28,1.6,1.23,0.81
AGLIPAY,26187,27787,30714,31596,1.13,2.13,1.45,0.68
CABARROGUIS,29395,30582,33533,34720,0.76,1.96,1.43,0.84
DIFFUN,48501,52569,56102,58254,1.54,1.38,1.16,0.91
MADDELA,35634,38499,40943,41867,1.48,1.3,0.94,0.54
SAGUDAY,14596,16070,17137,17863,1.85,1.36,1.19,1.0
NAGTIPUNAN,22473,23484,25399,26541,0.84,1.66,1.38,1.06
REGION III (CENTRAL LUZON),10137737,11218177,12422172,12989074,1.95,2.17,1.66,1.08
AURORA,201233,214336,235750,240824,1.21,2.02,1.31,0.51
BALER,36010,39562,43785,44684,1.81,2.16,1.37,0.49
CASIGURAN,23865,24313,26564,26855,0.35,1.88,1.12,0.26
DILASAG,15683,15835,17102,17536,0.18,1.63,1.15,0.6
DINALUNGAN,10988,11322,12508,12552,0.57,2.12,1.16,0.08
DINGALAN,23554,25482,27878,29286,1.51,1.91,1.57,1.19
DIPACULAO,27729,29736,33131,33597,1.34,2.3,1.38,0.34
MARIA AURORA,38128,40734,44958,45972,1.27,2.1,1.36,0.54
SAN LUIS,25276,27352,29824,30342,1.51,1.84,1.17,0.41
BATAAN,687482,760650,853373,891440,1.94,2.45,1.79,1.05
ABUCAY,37719,39880,42984,44846,1.07,1.59,1.32,1.02
BAGAC,25568,26936,31365,32799,1.0,3.25,2.23,1.08
CITY OF BALANGA,87920,96061,104173,109931,1.7,1.72,1.52,1.3
DINALUPIHAN,97275,106371,118209,124188,1.72,2.24,1.75,1.19
HERMOSA,56997,65862,77443,80557,2.79,3.47,2.28,0.95
LIMAY,57207,68071,78272,81960,3.36,2.98,2.1,1.11
MARIVELES,112707,127536,149879,156200,2.38,3.45,2.3,1.0
MORONG,26171,29901,35394,37024,2.57,3.61,2.42,1.09
ORANI,61099,66909,70342,72941,1.74,1.06,0.97,0.87
ORION,51454,56002,60771,63044,1.62,1.73,1.34,0.88
PILAR,39787,41823,46239,47107,0.95,2.13,1.34,0.45
SAMAL,33578,35298,38302,40843,0.96,1.73,1.65,1.55
BULACAN,2924433,3292071,3708890,3876806,2.28,2.54,1.85,1.07
ANGAT,55332,59237,65617,67862,1.31,2.18,1.53,0.81
BALAGTAS,65440,73929,77018,80221,2.35,0.86,0.92,0.98
CITY OF BALIWAG,143565,149954,168470,174194,0.83,2.48,1.69,0.8
BOCAUE,106407,119675,141412,147755,2.26,3.57,2.39,1.06
BULACAN,71751,76565,81232,83101,1.24,1.25,0.92,0.55
BUSTOS,62415,67039,77199,80565,1.37,3.01,2.08,1.03
CALUMPIT,101068,108757,118471,122187,1.41,1.82,1.31,0.74
GUIGUINTO,90507,99730,113415,118173,1.86,2.74,1.92,0.99
HAGONOY,125689,129807,133448,136673,0.62,0.58,0.58,0.57
CITY OF MALOLOS,234945,252074,261189,269809,1.35,0.75,0.76,0.78
MARILAO,185624,221965,254453,263507,3.46,2.92,1.94,0.84
CITY OF MEYCAUAYAN,199154,209083,225673,228023,0.93,1.62,0.98,0.25
NORZAGARAY,103095,111348,136064,140697,1.48,4.31,2.66,0.81
OBANDO,58009,59197,59978,61073,0.39,0.28,0.35,0.43
PANDI,66650,89075,155115,162725,5.67,12.38,6.99,1.16
PAOMBONG,50940,53294,55696,58453,0.86,0.93,1.04,1.17
PLARIDEL,101441,107805,114432,120939,1.16,1.26,1.3,1.34
PULILAN,85844,97323,108836,111384,2.42,2.38,1.52,0.56
SAN ILDEFONSO,95000,104471,115713,123140,1.82,2.17,1.86,1.5
CITY OF SAN JOSE DEL MONTE,454553,574089,651813,685688,4.54,2.71,2.01,1.22
SAN MIGUEL,142854,153882,172073,179792,1.43,2.38,1.76,1.06
SAN RAFAEL,85921,94655,103097,108256,1.86,1.81,1.52,1.18
SANTA MARIA,218351,256454,289820,322525,3.11,2.61,2.6,2.6
DOÑA REMEDIOS TRINIDAD,19878,22663,28656,30064,2.53,5.06,3.22,1.16
NUEVA ECIJA,1955373,2151461,2310134,2395816,1.84,1.51,1.21,0.88
ALIAGA,57805,63543,70363,72134,1.82,2.17,1.43,0.6
BONGABON,59343,64173,66839,69376,1.5,0.86,0.88,0.9
CITY OF CABANATUAN,272676,302231,327325,343672,1.98,1.69,1.45,1.18
CABIAO,72081,79007,85862,89497,1.76,1.77,1.41,1.0
CARRANGLAN,37124,41131,42420,43694,1.97,0.65,0.68,0.71
CUYAPO,59396,65039,68066,70919,1.74,0.96,0.97,0.99
GABALDON,32246,35383,38958,40223,1.78,2.05,1.45,0.77
CITY OF GAPAN,101488,110303,122968,129610,1.6,2.31,1.82,1.27
GENERAL MAMERTO NATIVIDAD,36720,41656,44311,43779,2.43,1.31,0.56,-0.29
GENERAL TINIO,42634,47865,55925,58093,2.23,3.33,2.19,0.92
GUIMBA,104894,118655,127653,131468,2.37,1.55,1.16,0.71
JAEN,67057,73184,79189,83895,1.68,1.67,1.54,1.39
LAUR,32205,35656,38263,40185,1.96,1.5,1.35,1.18
LICAB,26187,28254,29269,29590,1.46,0.75,0.52,0.26
LLANERA,36200,39701,42281,44620,1.77,1.33,1.32,1.3
LUPAO,40931,43788,45917,47175,1.29,1.0,0.84,0.65
SCIENCE CITY OF MUÑOZ,75462,81483,84308,85061,1.47,0.72,0.48,0.21
NAMPICUAN,13303,14954,14471,15297,2.25,-0.69,0.25,1.34
CITY OF PALAYAN,37219,41041,45383,47883,1.88,2.14,1.74,1.29
PANTABANGAN,27353,29925,31763,32694,1.72,1.26,1.0,0.7
PEÑARANDA,27410,29882,32269,33043,1.66,1.63,1.13,0.57
QUEZON,36660,40592,41845,42621,1.96,0.64,0.55,0.44
RIZAL,57145,64087,70196,71749,2.21,1.93,1.27,0.53
SAN ANTONIO,73074,77836,83060,84958,1.21,1.38,0.99,0.54
SAN ISIDRO,47800,51612,54372,55108,1.47,1.1,0.74,0.32
SAN JOSE CITY,129424,139738,150917,156714,1.47,1.63,1.29,0.91
SAN LEONARDO,58120,65299,68536,69180,2.24,1.02,0.65,0.22
SANTA ROSA,64503,69467,75649,80258,1.42,1.81,1.63,1.43
SANTO DOMINGO,50983,57943,61092,63750,2.47,1.12,1.08,1.03
TALAVERA,112515,124829,132338,137444,2.0,1.24,1.08,0.91
TALUGTUG,21291,23817,25236,26469,2.16,1.22,1.19,1.15
ZARAGOZA,44124,49387,53090,55657,2.17,1.53,1.35,1.14
PAMPANGA,2014019,2198110,2437709,2586446,1.68,2.2,1.84,1.43
APALIT,101537,107965,117160,121057,1.17,1.73,1.29,0.79
ARAYAT,121348,133492,144875,150949,1.83,1.74,1.39,0.99
BACOLOR,31508,39460,48066,59361,4.38,4.24,4.68,5.19
CANDABA,102399,111586,119497,124019,1.65,1.45,1.19,0.89
FLORIDABLANCA,110846,125163,135542,146095,2.34,1.69,1.75,1.81
GUAGUA,111199,117430,128893,137948,1.04,1.98,1.82,1.64
LUBAO,150843,160838,173502,190355,1.23,1.61,1.91,2.25
MABALACAT CITY,215610,250799,293244,306594,2.92,3.34,2.28,1.07
MACABEBE,70777,75850,78151,82933,1.33,0.63,1.01,1.43
MAGALANG,103597,113147,124188,133883,1.69,1.98,1.9,1.82
MASANTOL,52407,57063,57990,57207,1.63,0.34,0.03,-0.33
MEXICO,146851,154624,173403,187597,0.99,2.44,2.19,1.9
MINALIN,44001,47713,48380,50126,1.55,0.29,0.55,0.85
PORAC,111441,124381,140751,147551,2.11,2.64,1.93,1.14
CITY OF SAN FERNANDO,285912,306659,354666,377534,1.34,3.11,2.36,1.51
SAN LUIS,49311,54106,58551,64674,1.78,1.67,2.02,2.41
SAN SIMON,48353,53198,59182,65760,1.83,2.27,2.4,2.56
SANTA ANA,52001,55178,61537,63431,1.13,2.32,1.57,0.73
SANTA RITA,38762,40979,48209,42915,1.06,3.48,0.52,-2.75
STO. TOMAS,38062,40475,42846,44376,1.18,1.2,1.04,0.84
SASMUAN,27254,28004,29076,32081,0.52,0.79,1.53,2.39
CITY OF ANGELES,326336,411634,462928,483452,4.52,2.5,1.82,1.05
TARLAC,1273240,1366027,1503456,1568162,1.35,2.04,1.56,1.02
ANAO,10873,11528,12208,12865,1.12,1.21,1.24,1.27
BAMBAN,62413,69466,78260,81012,2.06,2.54,1.74,0.83
CAMILING,80241,83248,87319,91400,0.7,1.01,1.05,1.1
CAPAS,125852,140202,156056,162724,2.08,2.28,1.68,1.01
CONCEPCION,139832,154188,169953,178549,1.88,2.07,1.66,1.19
GERONA,83084,87531,94485,97937,1.0,1.62,1.27,0.86
LA PAZ,60982,64017,68952,71978,0.93,1.57,1.32,1.04
MAYANTOC,29987,32232,32597,34091,1.38,0.24,0.63,1.08
MONCADA,56183,57787,62819,66925,0.54,1.77,1.66,1.53
PANIQUI,87730,92606,103003,106190,1.03,2.26,1.55,0.73
PURA,22949,23712,25781,27017,0.62,1.78,1.47,1.13
RAMOS,20249,21350,22879,23808,1.01,1.47,1.23,0.96
SAN CLEMENTE,12510,12657,13181,13781,0.22,0.86,0.96,1.07
SAN MANUEL,24289,25504,28387,29693,0.93,2.28,1.72,1.08
SANTA IGNACIA,43787,47538,51626,53620,1.58,1.75,1.36,0.91
CITY OF TARLAC,318332,342493,385398,401892,1.4,2.51,1.81,1.01
VICTORIA,59987,63715,69370,71495,1.15,1.81,1.3,0.73
SAN JOSE,33960,36253,41182,43185,1.25,2.72,1.98,1.15
ZAMBALES,534443,590848,649615,681225,1.93,2.01,1.61,1.15
BOTOLAN,54434,57707,66739,70340,1.12,3.11,2.24,1.27
CABANGAN,23082,25163,28118,29334,1.66,2.36,1.73,1.02
CANDELARIA,25020,27174,30263,32182,1.58,2.29,1.91,1.49
CASTILLEJOS,48845,64841,67889,70105,5.54,0.97,0.88,0.77
IBA,46761,50506,55581,59580,1.48,2.03,1.87,1.68
MASINLOC,44342,47719,54529,56579,1.41,2.85,1.93,0.89
PALAUIG,33286,34947,39784,43250,0.93,2.76,2.42,2.02
SAN ANTONIO,34217,34661,37450,38617,0.25,1.64,1.22,0.74
SAN FELIPE,22020,23183,25033,26081,0.98,1.63,1.33,0.99
SAN MARCELINO,31879,33665,37719,39542,1.04,2.42,1.82,1.14
SAN NARCISO,26966,28360,30759,32180,0.96,1.72,1.43,1.09
SANTA CRUZ,53867,58151,63839,66647,1.47,1.98,1.54,1.04
SUBIC,89724,104771,111912,116788,2.99,1.4,1.22,1.03
CITY OF OLONGAPO,221178,233040,260317,264903,1.0,2.36,1.45,0.42
REGION IV-A (CALABARZON),12609803,14414774,16195042,16933234,2.58,2.48,1.82,1.07
BATANGAS,2377395,2694335,2908494,2994795,2.41,1.62,1.19,0.7
AGONCILLO,35794,38059,39101,40662,1.17,0.57,0.74,0.94
ALITAGTAG,23649,25300,26819,28033,1.29,1.23,1.16,1.07
BALAYAN,81805,90699,95913,96939,1.98,1.18,0.75,0.26
BALETE,20214,22661,24055,24202,2.2,1.26,0.74,0.15
BATANGAS CITY,305607,329874,351437,358267,1.46,1.34,0.93,0.46
BAUAN,81351,91297,90819,94016,2.22,-0.11,0.33,0.83
CITY OF CALACA,70521,81859,87361,92281,2.88,1.38,1.35,1.32
CALATAGAN,51997,56449,58719,60420,1.58,0.83,0.76,0.69
CUENCA,31236,32783,36235,36453,0.92,2.13,1.2,0.14
IBAAN,48482,52970,58507,58673,1.7,2.11,1.15,0.07
LAUREL,35674,39444,43210,44791,1.93,1.94,1.43,0.87
LEMERY,81825,93157,93186,94736,2.5,0.01,0.19,0.4
LIAN,45943,52660,56280,56788,2.63,1.41,0.85,0.22
CITY OF LIPA,283468,332386,372931,387392,3.08,2.45,1.73,0.92
LOBO,37070,41504,40736,41251,2.17,-0.39,-0.07,0.3
MABINI,44391,46211,50858,49876,0.77,2.04,0.86,-0.47
MALVAR,45952,56270,64379,74565,3.93,2.87,3.21,3.59
MATAASNAKAHOY,27177,29187,30621,31912,1.37,1.01,1.01,1.0
NASUGBU,122483,134113,136524,141063,1.74,0.38,0.57,0.79
PADRE GARCIA,44877,48302,51853,53526,1.41,1.5,1.16,0.76
ROSARIO,105561,116764,128352,131365,1.94,2.01,1.33,0.56
SAN JOSE,68517,76971,79868,81170,2.24,0.78,0.6,0.39
SAN JUAN,94291,108585,114068,115118,2.72,1.04,0.66,0.22
SAN LUIS,30701,33149,36172,36841,1.47,1.85,1.19,0.44
SAN NICOLAS,20599,22623,23908,24392,1.8,1.17,0.85,0.48
SAN PASCUAL,59598,65424,69009,69419,1.79,1.13,0.67,0.14
SANTA TERESITA,17415,21127,21559,21742,3.75,0.43,0.32,0.2
CITY OF STO. TOMAS,124740,179844,218500,226772,7.21,4.18,2.63,0.9
TAAL,51503,56327,61460,61559,1.72,1.85,1.0,0.04
TALISAY,39600,45301,46238,46477,2.59,0.43,0.29,0.12
CITY OF TANAUAN,152393,173366,193936,209697,2.48,2.39,2.16,1.89
TAYSAN,35357,38007,40146,41332,1.38,1.16,0.94,0.7
TINGLOY,16870,17919,19215,15866,1.15,1.48,-1.35,-4.49
TUY,40734,43743,46519,47199,1.37,1.3,0.86,0.35
CAVITE,3090691,3678301,4344829,4573884,3.37,3.57,2.47,1.24
ALFONSO,48567,51839,59306,60583,1.25,2.87,1.76,0.51
AMADEO,33457,37649,41901,44190,2.27,2.28,1.81,1.28
CITY OF BACOOR,520216,600609,664625,661381,2.77,2.15,1.09,-0.12
CITY OF CARMONA,74986,97557,106256,112140,5.14,1.81,1.57,1.3
CITY OF CAVITE,101120,102806,100674,98673,0.32,-0.44,-0.46,-0.48
CITY OF DASMARIÑAS,575817,659019,703141,744511,2.6,1.37,1.38,1.38
GENERAL EMILIO AGUINALDO,17507,22220,23973,24264,4.64,1.61,0.99,0.29
CITY OF GENERAL TRIAS,243322,314303,450583,482453,4.99,7.87,4.92,1.65
CITY OF IMUS,301624,403785,496794,481949,5.71,4.46,2.0,-0.72
INDANG,62030,65599,68699,70092,1.07,0.98,0.75,0.48
KAWIT,78209,83466,107535,123631,1.25,5.48,4.5,3.4
MAGALLANES,21231,22727,23851,25826,1.3,1.02,1.44,1.93
MARAGONDON,35289,37720,40687,41977,1.28,1.61,1.21,0.75
MENDEZ,28570,31529,34879,36518,1.89,2.15,1.66,1.11
NAIC,88144,111454,160987,236978,4.57,8.04,8.82,9.72
NOVELETA,41678,45846,49452,46172,1.83,1.61,0.08,-1.63
ROSARIO,92253,110706,110807,112572,3.53,0.02,0.19,0.38
SILANG,213490,248085,295644,313145,2.9,3.76,2.64,1.39
CITY OF TAGAYTAY,62030,71181,85330,87811,2.65,3.89,2.38,0.69
TANZA,188755,226188,312116,339308,3.5,7.01,4.65,2.02
TERNATE,19297,23157,24653,24891,3.53,1.33,0.81,0.23
CITY OF TRECE MARTIRES,104559,155713,210503,227892,7.87,6.55,4.36,1.92
GEN. MARIANO ALVAREZ,138540,155143,172433,176927,2.18,2.25,1.48,0.62
LAGUNA,2669847,3035081,3382193,3687345,2.47,2.3,2.21,2.09
ALAMINOS,43526,47859,51619,53589,1.82,1.6,1.28,0.9
BAY,55698,62143,67182,69802,2.11,1.65,1.31,0.92
CITY OF BIÑAN,283396,333028,407437,584479,3.12,4.33,6.51,9.04
CITY OF CABUYAO,248436,308745,355330,365202,4.22,3.0,1.9,0.66
CITY OF CALAMBA,389377,454486,539671,575046,2.99,3.68,2.67,1.53
CALAUAN,74890,80453,87693,89670,1.37,1.83,1.22,0.54
CAVINTI,20809,21702,23980,24740,0.8,2.12,1.48,0.75
FAMY,15021,16587,16791,17668,1.91,0.26,0.71,1.23
KALAYAAN,20944,23269,24755,25243,2.02,1.31,0.92,0.47
LILIW,33851,36582,39491,39976,1.49,1.62,1.0,0.29
LOS BAÑOS,101884,112008,115353,117030,1.82,0.62,0.49,0.35
LUISIANA,20148,19720,20859,21824,-0.41,1.19,1.14,1.09
LUMBAN,29470,30652,32330,32793,0.75,1.13,0.76,0.34
MABITAC,18618,20530,21275,21748,1.88,0.75,0.65,0.53
MAGDALENA,22976,25266,27816,28131,1.82,2.04,1.21,0.27
MAJAYJAY,26547,27792,27893,28504,0.88,0.08,0.28,0.52
NAGCARLAN,59726,63057,64866,66351,1.04,0.6,0.57,0.54
PAETE,23523,25096,24945,25254,1.24,-0.13,0.07,0.3
PAGSANJAN,39313,42164,44327,45602,1.34,1.06,0.88,0.68
PAKIL,20822,20659,23495,23972,-0.15,2.74,1.68,0.48
PANGIL,23201,24274,25026,25318,0.86,0.64,0.47,0.28
PILA,46534,50289,54613,57776,1.49,1.75,1.57,1.36
RIZAL,15518,17253,18332,18864,2.04,1.28,1.01,0.69
CITY OF SAN PABLO,248890,266068,285348,300166,1.28,1.48,1.36,1.22
CITY OF SAN PEDRO,294310,325809,326001,348968,1.95,0.01,0.77,1.65
SANTA CRUZ,110943,117605,123574,126844,1.12,1.05,0.85,0.63
SANTA MARIA,26839,30830,34511,34102,2.67,2.4,1.14,-0.29
CITY OF SANTA ROSA,284670,353767,414812,430920,4.22,3.41,2.24,0.92
SINILOAN,35363,38067,39460,42533,1.41,0.76,1.25,1.81
VICTORIA,34604,39321,43408,45230,2.46,2.1,1.58,0.99
QUEZON,1740638,1856582,1950459,1980338,1.23,1.04,0.73,0.37
AGDANGAN,11567,12851,12764,13316,2.02,-0.14,0.4,1.02
ALABAT,16120,15630,15936,15744,-0.59,0.41,0.08,-0.29
ATIMONAN,61587,63432,64260,65552,0.56,0.27,0.37,0.48
BUENAVISTA,29053,30047,31160,31550,0.64,0.77,0.55,0.3
BURDEOS,21662,23854,24644,22742,1.85,0.69,-0.53,-1.91
CALAUAG,69223,73139,71809,68999,1.05,-0.39,-0.65,-0.95
CANDELARIA,110570,117434,137881,137933,1.15,3.43,1.82,0.01
CATANAUAN,65832,71073,72752,76250,1.47,0.49,0.79,1.13
DOLORES,27702,28891,32514,32645,0.8,2.52,1.38,0.1
GENERAL LUNA,25373,26494,24804,25110,0.83,-1.38,-0.6,0.29
GENERAL NAKAR,25973,29705,34225,34982,2.59,3.02,1.85,0.53
GUINAYANGAN,41669,45155,44045,45375,1.54,-0.52,0.05,0.72
GUMACA,69618,73877,71942,72454,1.14,-0.56,-0.22,0.17
INFANTA,64818,69079,76186,77676,1.22,2.08,1.32,0.47
JOMALIG,6884,7417,7667,7884,1.43,0.7,0.69,0.67
LOPEZ,91074,95167,94657,96006,0.84,-0.11,0.1,0.34
LUCBAN,46698,51475,53091,54134,1.87,0.65,0.57,0.47
MACALELON,26419,28188,27312,25266,1.24,-0.66,-1.22,-1.85
MAUBAN,61141,63819,71081,70135,0.82,2.29,1.06,-0.32
MULANAY,50826,53123,55576,53976,0.84,0.95,0.18,-0.7
PADRE BURGOS,20161,22460,23488,23392,2.08,0.95,0.46,-0.1
PAGBILAO,65996,75023,78700,82132,2.47,1.01,1.02,1.03
PANUKULAN,15015,16452,16376,17118,1.75,-0.1,0.45,1.07
PATNANUNGAN,13865,14606,15052,15554,1.0,0.63,0.71,0.79
PEREZ,12039,12173,12767,13052,0.21,1.01,0.78,0.53
PITOGO,21380,23019,22798,22499,1.42,-0.2,-0.26,-0.32
PLARIDEL,10238,10935,10129,10866,1.26,-1.6,-0.07,1.7
POLILLO,28125,30582,31908,31737,1.61,0.9,0.42,-0.13
QUEZON,15142,15228,15886,15869,0.11,0.89,0.46,-0.03
REAL,35189,35979,38678,39969,0.42,1.53,1.19,0.79
SAMPALOC,13107,13907,13629,13331,1.13,-0.42,-0.47,-0.53
SAN ANDRES,33586,35780,37454,38407,1.21,0.97,0.8,0.6
SAN ANTONIO,31681,33467,35891,36451,1.05,1.48,0.96,0.37
SAN FRANCISCO,57979,61473,62097,63789,1.12,0.21,0.42,0.65
SAN NARCISO,45386,48461,51058,53375,1.26,1.1,1.09,1.07
SARIAYA,138894,148980,161868,172018,1.34,1.76,1.62,1.47
TAGKAWAYAN,50833,51832,54003,54709,0.37,0.87,0.61,0.31
CITY OF TAYABAS,91428,99779,112658,115318,1.68,2.59,1.64,0.56
TIAONG,91599,99712,106265,107666,1.63,1.35,0.86,0.31
UNISAN,25186,26884,25448,25357,1.25,-1.15,-0.65,-0.09
CITY OF LUCENA,246392,266248,278924,280331,1.49,0.98,0.58,0.12
RIZAL,2484840,2884227,3330143,3416541,2.88,3.07,1.92,0.62
ANGONO,102407,113283,130494,134975,1.94,3.02,1.98,0.81
CITY OF ANTIPOLO,677741,776386,887399,913712,2.62,2.85,1.84,0.7
BARAS,32609,69300,87637,91099,15.43,5.06,3.11,0.93
BINANGONAN,249872,282474,313631,321281,2.36,2.23,1.45,0.58
CAINTA,311845,322128,376933,386321,0.62,3.36,2.06,0.59
CARDONA,47414,49034,50143,51493,0.64,0.47,0.55,0.64
JALA-JALA,30074,32254,34017,34901,1.34,1.13,0.89,0.62
RODRIGUEZ,280904,369222,443954,451383,5.34,3.95,2.28,0.4
MORONG,52194,58118,71151,72262,2.07,4.35,2.47,0.37
PILILLA,59527,64812,71535,72503,1.63,2.1,1.26,0.32
SAN MATEO,205255,252527,273306,276449,4.02,1.68,1.02,0.27
TANAY,98879,117830,139420,145597,3.39,3.6,2.4,1.05
TAYTAY,288956,319104,386451,397111,1.91,4.11,2.48,0.65
TERESA,47163,57755,64072,67454,3.93,2.21,1.75,1.24
MIMAROPA REGION,2744671,2963360,3228558,3245446,1.47,1.82,1.02,0.13
MARINDUQUE,227828,234521,239207,226522,0.55,0.42,-0.39,-1.3
BOAC,52892,54730,57283,54365,0.65,0.96,-0.07,-1.25
BUENAVISTA,23111,23988,26043,24136,0.71,1.74,0.07,-1.81
GASAN,33402,34828,36197,35315,0.8,0.81,0.16,-0.59
MOGPOG,33384,34043,34516,32577,0.37,0.29,-0.49,-1.38
SANTA CRUZ,55673,56408,54692,51594,0.25,-0.65,-0.99,-1.39
TORRIJOS,29366,30524,30476,28535,0.74,-0.03,-0.75,-1.57
OCCIDENTAL MINDORO,452971,487414,525354,511417,1.4,1.59,0.54,-0.64
ABRA DE ILOG,29225,31306,35176,31910,1.32,2.48,0.21,-2.31
CALINTAAN,28148,29826,30190,31088,1.11,0.26,0.47,0.71
LOOC,9758,10117,7802,9426,0.69,-5.32,-0.79,4.64
LUBANG,23068,18803,17437,18761,-3.82,-1.57,-0.03,1.77
MAGSAYSAY,31969,36016,39767,40987,2.29,2.11,1.46,0.73
MAMBURAO,39237,42975,47705,44554,1.75,2.22,0.41,-1.63
PALUAN,15223,16025,18566,19461,0.98,3.14,2.2,1.14
RIZAL,34458,38263,40429,40319,2.01,1.17,0.59,-0.07
SABLAYAN,76153,83169,92598,91406,1.69,2.28,1.06,-0.31
SAN JOSE,131188,143430,153267,143495,1.71,1.41,0.01,-1.57
SANTA CRUZ,34544,37484,42417,40010,1.57,2.64,0.73,-1.39
ORIENTAL MINDORO,785602,844059,908339,919504,1.38,1.56,0.96,0.29
BACO,35060,37215,39817,40159,1.14,1.43,0.86,0.21
BANSUD,38341,40992,42671,44396,1.28,0.85,0.9,0.95
BONGABONG,66569,72073,76973,77540,1.52,1.39,0.82,0.18
BULALACAO,33754,39107,44366,46439,2.84,2.69,1.94,1.1
CITY OF CALAPAN,124173,133893,145786,148558,1.44,1.81,1.17,0.45
GLORIA,42012,45073,50496,52296,1.35,2.42,1.68,0.84
MANSALAY,51705,54533,59114,60597,1.02,1.71,1.19,0.6
NAUJAN,94497,102998,109587,109122,1.65,1.31,0.65,-0.1
PINAMALAYAN,81666,86172,90383,90420,1.03,1.01,0.54,0.01
POLA,32984,34701,35455,35771,0.97,0.45,0.34,0.21
PUERTO GALERA,32521,36606,41961,42301,2.28,2.91,1.63,0.19
ROXAS,49854,53201,58849,58428,1.24,2.15,1.06,-0.17
SAN TEODORO,15810,17904,19121,19650,2.4,1.39,1.05,0.66
SOCORRO,38348,39099,41585,41612,0.37,1.31,0.7,0.02
VICTORIA,48308,50492,52175,52215,0.85,0.69,0.38,0.02
PALAWAN,771667,849469,939594,968795,1.84,2.14,1.48,0.74
ABORLAN,32209,35091,38736,39972,1.64,2.1,1.47,0.76
AGUTAYA,11906,12545,12867,13351,1.0,0.53,0.7,0.89
ARACELI,14113,14909,14434,14554,1.05,-0.68,-0.27,0.2
BALABAC,35758,40142,42527,42662,2.23,1.22,0.68,0.08
BATARAZA,63644,75468,85439,87384,3.3,2.64,1.66,0.54
BROOKE'S POINT,61301,66374,73994,76715,1.52,2.31,1.64,0.87
BUSUANGA,21358,22046,25617,26974,0.61,3.21,2.29,1.25
CAGAYANCILLO,7116,6285,6884,7164,-2.34,1.93,1.48,0.96
CORON,42941,51803,65855,69439,3.63,5.18,3.34,1.28
CUYO,21847,22360,23489,24702,0.44,1.04,1.12,1.21
DUMARAN,21397,23734,23528,23795,1.99,-0.18,0.03,0.27
EL NIDO,36191,41606,50494,51367,2.69,4.16,2.39,0.41
LINAPACAN,14180,15668,16424,16782,1.92,1.0,0.77,0.52
MAGSAYSAY,11965,12196,12603,13273,0.36,0.69,0.95,1.25
NARRA,65264,73212,77948,80572,2.21,1.33,1.08,0.8
QUEZON,55142,60980,65283,68532,1.93,1.44,1.32,1.17
ROXAS,61058,65358,69624,69729,1.3,1.34,0.73,0.04
SAN VICENTE,30919,31232,33507,33768,0.19,1.49,0.88,0.19
TAYTAY,70837,75165,83357,85258,1.13,2.2,1.42,0.54
KALAYAAN,222,184,193,406,-3.51,1.01,9.27,19.52
CULION,19543,20139,23213,23985,0.57,3.03,1.98,0.79
DR. JOSE P. RIZAL,42759,50096,56162,59040,3.06,2.43,1.86,1.21
SOFRONIO ESPAÑOLA,29997,32876,37416,39371,1.76,2.76,2.04,1.23
CITY OF PUERTO PRINCESA,222673,255116,307079,316384,2.62,3.98,2.44,0.72
ROMBLON,283930,292781,308985,302824,0.59,1.14,0.38,-0.48
ALCANTARA,15428,16351,17171,16417,1.11,1.03,0.05,-1.07
BANTON,5963,5536,5737,5848,-1.4,0.75,0.62,0.46
CAJIDIOCAN,21198,21861,23259,23488,0.59,1.31,0.81,0.24
CALATRAVA,9776,10275,11342,11254,0.95,2.1,1.03,-0.19
CONCEPCION,4445,4037,3561,3427,-1.82,-2.6,-1.82,-0.92
CORCUERA,9935,10283,10112,9021,0.66,-0.35,-1.46,-2.7
LOOC,21841,22262,21799,21964,0.36,-0.44,-0.15,0.18
MAGDIWANG,13584,14142,15385,15170,0.77,1.79,0.79,-0.34
ODIONGAN,43676,45367,49284,48133,0.73,1.76,0.67,-0.57
ROMBLON,37995,38758,40554,39004,0.38,0.96,0.07,-0.93
SAN AGUSTIN,22116,22598,24115,23698,0.41,1.38,0.53,-0.42
SAN ANDRES,15028,15589,15940,16350,0.7,0.47,0.54,0.61
SAN FERNANDO,22466,23271,24171,23660,0.67,0.8,0.19,-0.51
SAN JOSE,10294,10881,11759,11626,1.06,1.65,0.74,-0.27
SANTA FE,15700,16098,17802,17578,0.48,2.14,0.99,-0.3
FERROL,6802,6964,8005,7826,0.45,2.97,1.32,-0.54
SANTA MARIA,7683,8508,8989,8360,1.96,1.16,-0.2,-1.72
REGION V (BICOL REGION),5420411,5796989,6082165,6064426,1.29,1.02,0.51,-0.07
ALBAY,1233432,1314826,1374768,1379398,1.22,0.94,0.54,0.08
BACACAY,65724,68906,72485,72298,0.9,1.07,0.54,-0.06
CAMALIG,63585,66904,72042,73087,0.97,1.57,1.0,0.35
DARAGA,115804,126595,133893,138000,1.71,1.19,0.97,0.73
GUINOBATAN,75967,82361,85786,84420,1.55,0.86,0.28,-0.38
JOVELLAR,16899,17308,17795,17538,0.46,0.59,0.15,-0.35
CITY OF LEGAZPI,182201,196639,209533,210616,1.46,1.35,0.77,0.12
LIBON,71527,75172,75073,72135,0.95,-0.03,-0.46,-0.95
CITY OF LIGAO,104914,111399,118096,119779,1.15,1.24,0.82,0.34
MALILIPOT,35567,37785,40857,41066,1.16,1.66,0.94,0.12
MALINAO,42770,45301,47395,49570,1.1,0.96,1.01,1.08
MANITO,22819,24707,26162,26425,1.52,1.21,0.76,0.24
OAS,64785,67960,66084,64890,0.91,-0.59,-0.52,-0.44
PIO DURAN,45028,46693,49070,48713,0.69,1.05,0.48,-0.17
POLANGUI,82307,88221,89176,89344,1.33,0.23,0.14,0.05
RAPU-RAPU,35875,36920,36151,36281,0.55,-0.44,-0.2,0.09
SANTO DOMINGO,32414,34967,37765,37586,1.45,1.63,0.81,-0.11
CITY OF TABACO,125083,133868,140961,140779,1.3,1.09,0.57,-0.03
TIWI,50163,53120,56444,56871,1.1,1.29,0.77,0.18
CAMARINES NORTE,542915,583313,629699,604666,1.38,1.62,0.4,-0.97
BASUD,38176,41017,45133,43388,1.38,2.03,0.63,-0.94
CAPALONGA,31299,32215,36223,32800,0.55,2.5,0.2,-2.35
DAET,95572,104799,111700,106465,1.77,1.35,0.18,-1.14
SAN LORENZO RUIZ,12592,14063,15757,15072,2.12,2.42,0.78,-1.06
JOSE PANGANIBAN,55557,59639,63662,60626,1.36,1.38,0.18,-1.16
LABO,92041,101082,109245,108319,1.8,1.65,0.78,-0.2
MERCEDES,47674,50841,55334,53702,1.23,1.8,0.62,-0.72
PARACALE,53243,59149,60198,58391,2.02,0.37,-0.14,-0.73
SAN VICENTE,10114,10396,12579,11774,0.52,4.09,1.4,-1.57
SANTA ELENA,40828,40786,43582,42585,-0.02,1.4,0.48,-0.55
TALISAY,23904,25841,27244,26371,1.49,1.12,0.23,-0.78
VINZONS,41915,43485,49042,45173,0.7,2.56,0.43,-1.95
CAMARINES SUR,1822371,1952544,2068244,2063314,1.32,1.22,0.62,-0.06
BAAO,54971,58849,61493,61357,1.31,0.93,0.47,-0.05
BALATAN,28699,30922,30669,31069,1.43,-0.17,0.05,0.31
BATO,48306,52137,52155,52021,1.46,0.01,-0.02,-0.06
BOMBON,15437,16512,17995,17346,1.29,1.83,0.55,-0.88
BUHI,73809,77143,81306,78104,0.84,1.11,0.14,-0.96
BULA,68011,69430,73143,75943,0.39,1.1,1.01,0.9
CABUSAO,18049,18397,19257,18882,0.36,0.97,0.29,-0.47
CALABANGA,78119,83033,88906,88918,1.17,1.45,0.77,0.0
CAMALIGAN,22254,24109,25036,25218,1.54,0.8,0.51,0.17
CANAMAN,32390,34210,36205,35766,1.05,1.2,0.5,-0.29
CARAMOAN,44945,47605,51728,50433,1.1,1.76,0.65,-0.61
DEL GALLEGO,23064,25397,26403,26029,1.85,0.82,0.28,-0.34
GAINZA,10345,11262,11584,11652,1.63,0.59,0.38,0.14
GARCHITORENA,25204,27010,29436,29408,1.33,1.83,0.96,-0.02
GOA,58503,63308,71368,71651,1.51,2.55,1.4,0.09
CITY OF IRIGA,105919,111757,114457,115306,1.03,0.5,0.35,0.18
LAGONOY,51814,55465,56714,57044,1.3,0.47,0.32,0.14
LIBMANAN,100002,108716,112994,113254,1.6,0.82,0.46,0.06
LUPI,30118,32167,33897,33474,1.26,1.11,0.45,-0.3
MAGARAO,24274,25694,26742,28197,1.09,0.84,1.05,1.28
MILAOR,28474,31150,33963,33680,1.72,1.84,0.88,-0.2
MINALABAC,48162,52390,53981,51841,1.61,0.63,-0.12,-0.97
NABUA,80111,83874,86490,86458,0.88,0.65,0.34,-0.01
CITY OF NAGA,174931,196003,209170,210545,2.19,1.38,0.81,0.16
OCAMPO,43523,45934,51073,49535,1.03,2.26,0.85,-0.73
PAMPLONA,34471,36390,39333,38556,1.04,1.65,0.65,-0.48
PASACAO,45946,49035,53461,50708,1.25,1.83,0.38,-1.26
PILI,82307,89545,99196,101668,1.62,2.18,1.43,0.59
PRESENTACION,20023,20996,22591,23323,0.91,1.55,1.18,0.77
RAGAY,54934,58214,59770,58843,1.11,0.56,0.12,-0.37
SAGÑAY,31314,34546,36841,37087,1.89,1.36,0.8,0.16
SAN FERNANDO,33281,35258,38626,39206,1.1,1.94,1.2,0.36
SAN JOSE,38523,40623,43973,44688,1.02,1.68,1.07,0.39
SIPOCOT,64042,64855,68169,65286,0.24,1.05,0.07,-1.03
SIRUMA,17050,17764,19419,19168,0.78,1.89,0.86,-0.31
TIGAON,48611,55272,60524,61790,2.47,1.93,1.26,0.5
TINAMBAC,62435,67572,70176,69860,1.52,0.8,0.37,-0.11
CATANDUANES,246300,260964,271879,261169,1.11,0.87,0.01,-0.96
BAGAMANOC,11370,11551,11086,10403,0.3,-0.86,-1.17,-1.51
BARAS,12243,12848,13484,12992,0.92,1.02,0.12,-0.89
BATO,19984,21279,21748,21325,1.2,0.46,0.02,-0.47
CARAMORAN,28063,30056,32114,30124,1.31,1.4,0.03,-1.52
GIGMOTO,8003,8368,8712,8348,0.85,0.85,-0.03,-1.02
PANDAN,19393,20516,21473,20796,1.08,0.96,0.15,-0.77
PANGANIBAN,9738,9287,9713,8947,-0.9,0.95,-0.42,-1.95
SAN ANDRES,35779,36779,38480,37157,0.53,0.96,0.11,-0.84
SAN MIGUEL,14107,15006,15680,14578,1.18,0.93,-0.32,-1.73
VIGA,20669,21624,22869,21364,0.86,1.18,-0.14,-1.62
VIRAC,66951,73650,76520,75135,1.83,0.81,0.22,-0.44
MASBATE,834650,892393,908920,910813,1.28,0.39,0.23,0.05
AROROY,76139,86168,88351,89154,2.38,0.53,0.38,0.22
BALENO,24401,26096,28855,28787,1.29,2.14,1.11,-0.06
BALUD,35841,38124,40155,40236,1.18,1.1,0.61,0.05
BATUAN,13764,15086,14610,15614,1.76,-0.67,0.39,1.61
CATAINGAN,49078,50327,50623,51165,0.48,0.12,0.19,0.26
CAWAYAN,63115,67033,69265,68510,1.15,0.69,0.24,-0.26
CLAVERIA,41572,43693,42142,40733,0.95,-0.76,-0.78,-0.81
DIMASALANG,25245,26192,24909,25054,0.7,-1.05,-0.5,0.14
ESPERANZA,17357,18568,17534,18021,1.29,-1.2,-0.33,0.66
MANDAON,38161,41262,44122,44177,1.5,1.42,0.77,0.03
CITY OF MASBATE,85227,95389,104522,104011,2.17,1.94,0.97,-0.12
MILAGROS,52619,57473,57538,57362,1.69,0.02,-0.02,-0.07
MOBO,34896,38813,40823,41199,2.05,1.07,0.67,0.22
MONREAL,25366,26614,25164,25843,0.92,-1.17,-0.33,0.64
PALANAS,25501,26222,27322,28133,0.53,0.87,0.79,0.7
PIO V. CORPUS,23292,23236,23744,23641,-0.05,0.46,0.19,-0.1
PLACER,55438,55826,56340,56658,0.13,0.19,0.17,0.14
SAN FERNANDO,21309,23057,21600,22006,1.51,-1.36,-0.52,0.45
SAN JACINTO,27974,30372,29686,29458,1.58,-0.48,-0.34,-0.18
SAN PASCUAL,44753,46674,44449,44641,0.8,-1.02,-0.5,0.1
USON,53602,56168,57166,56410,0.89,0.37,0.05,-0.32
SORSOGON,740743,792949,828655,845066,1.3,0.93,0.72,0.47
BARCELONA,20340,20990,20987,21911,0.6,0.0,0.48,1.04
BULAN,93943,100076,105190,106919,1.21,1.05,0.74,0.39
BULUSAN,22089,22884,23932,24152,0.68,0.95,0.61,0.22
CASIGURAN,30995,32842,35602,36464,1.11,1.71,1.18,0.58
CASTILLA,52903,57827,60635,61308,1.71,1.0,0.66,0.27
DONSOL,47563,49711,50281,51781,0.84,0.24,0.46,0.71
GUBAT,57327,59534,60294,61095,0.72,0.27,0.29,0.32
IROSIN,51777,56662,59267,59540,1.73,0.95,0.56,0.11
JUBAN,30335,32320,35297,35978,1.21,1.87,1.21,0.46
MAGALLANES,35443,37038,37411,38072,0.84,0.21,0.31,0.42
MATNOG,37641,41101,41989,42444,1.69,0.45,0.36,0.26
PILAR,68245,74564,75793,76908,1.7,0.34,0.35,0.35
PRIETO DIAZ,20478,22442,22644,23424,1.76,0.19,0.48,0.82
SANTA MAGDALENA,16520,16848,17096,17400,0.37,0.31,0.36,0.42
CITY OF SORSOGON,155144,168110,182237,187670,1.54,1.71,1.24,0.71
NEGROS ISLAND REGION (NIR),4285591,4510115,4760340,4904944,0.98,1.14,0.94,0.72
NEGROS OCCIDENTAL,2396039,2497261,2623172,2680477,0.79,1.04,0.8,0.52
CITY OF BAGO,163045,170981,191210,192993,0.91,2.38,1.37,0.22
BINALBAGAN,65431,67270,71407,72594,0.53,1.26,0.86,0.4
CITY OF CADIZ,151500,154723,158544,161558,0.4,0.51,0.49,0.45
CALATRAVA,79009,80624,82540,83813,0.39,0.5,0.44,0.37
CANDONI,21336,21789,23751,22083,0.4,1.83,0.15,-1.73
CAUAYAN,96921,102165,108480,110899,1.01,1.27,0.92,0.53
ENRIQUE B. MAGALONA,59434,62921,64290,65730,1.09,0.45,0.49,0.53
CITY OF ESCALANTE,93005,94070,96159,97050,0.22,0.46,0.35,0.22
CITY OF HIMAMAYLAN,103006,106880,116240,117286,0.71,1.78,1.05,0.22
HINIGARAN,81925,85602,88909,90403,0.84,0.8,0.61,0.4
HINOBA-AN,54624,56819,60865,64364,0.75,1.46,1.41,1.35
ILOG,54423,57389,59855,63444,1.01,0.89,1.13,1.41
ISABELA,59523,62146,64516,65399,0.82,0.79,0.57,0.33
CITY OF KABANKALAN,167666,181977,200198,210893,1.57,2.03,1.67,1.26
CITY OF LA CARLOTA,63852,64469,66664,67740,0.18,0.71,0.56,0.38
LA CASTELLANA,71013,74855,79492,82500,1.01,1.27,1.1,0.89
MANAPLA,52687,54845,55083,55882,0.77,0.09,0.21,0.35
MOISES PADILLA,39257,41386,43462,44864,1.01,1.03,0.91,0.76
MURCIA,75207,81286,88868,90123,1.49,1.89,1.16,0.34
PONTEVEDRA,47945,51866,54502,54941,1.51,1.05,0.65,0.19
PULUPANDAN,25350,27735,30117,31942,1.73,1.75,1.6,1.42
CITY OF SAGAY,140740,146264,148894,152543,0.74,0.38,0.47,0.58
CITY OF SAN CARLOS,129981,132536,132650,133175,0.37,0.02,0.05,0.09
SAN ENRIQUE,23189,23907,24177,24424,0.58,0.24,0.24,0.24
CITY OF SILAY,120999,126930,130478,136802,0.91,0.58,0.84,1.14
CITY OF SIPALAY,67403,70070,72448,73847,0.74,0.7,0.59,0.46
CITY OF TALISAY,97571,102214,108909,109204,0.89,1.34,0.74,0.06
TOBOSO,41658,42114,43445,44973,0.21,0.66,0.74,0.83
VALLADOLID,36416,37833,39996,40487,0.73,1.18,0.76,0.29
CITY OF VICTORIAS,88299,87933,90101,90290,-0.08,0.51,0.3,0.05
SALVADOR BENEDICTO,23624,25662,26922,28231,1.59,1.01,1.07,1.15
CITY OF BACOLOD,511820,561875,600783,624787,1.79,1.42,1.2,0.94
NEGROS ORIENTAL,1286666,1354995,1432990,1492038,0.99,1.18,1.09,0.97
AMLAN,22206,23624,25513,26566,1.18,1.63,1.32,0.97
AYUNGON,46146,46303,47102,50688,0.06,0.36,1.02,1.78
BACONG,32286,36527,41207,43889,2.38,2.57,2.08,1.52
CITY OF BAIS,74722,76291,84317,88050,0.4,2.13,1.62,1.04
BASAY,24913,26566,28531,30018,1.23,1.51,1.38,1.23
CITY OF BAYAWAN,114074,117900,122747,126744,0.63,0.85,0.81,0.77
BINDOY,39416,39819,40308,41543,0.19,0.26,0.48,0.73
CITY OF CANLAON,50627,54509,58822,62785,1.42,1.61,1.6,1.58
DAUIN,25239,27786,30018,30921,1.85,1.64,1.21,0.71
CITY OF DUMAGUETE,120883,131377,134103,142171,1.6,0.43,0.89,1.41
CITY OF GUIHULNGAN,93675,95969,102656,106576,0.46,1.43,1.18,0.9
JIMALALUD,29044,30945,32256,32996,1.21,0.88,0.72,0.55
LA LIBERTAD,38904,38602,41089,42721,-0.15,1.32,1.14,0.94
MABINAY,74187,78864,82953,85770,1.17,1.07,0.95,0.8
MANJUYOD,41107,42332,44799,46461,0.56,1.2,1.05,0.88
PAMPLONA,34906,37596,39805,41209,1.42,1.21,1.03,0.83
SAN JOSE,19098,20413,21956,22870,1.28,1.54,1.28,0.98
SANTA CATALINA,73306,75756,77501,80382,0.63,0.48,0.67,0.88
SIATON,73285,77696,83082,84169,1.12,1.42,0.9,0.31
SIBULAN,51519,59455,64343,69092,2.76,1.68,1.7,1.72
CITY OF TANJAY,79098,80532,82642,84593,0.34,0.55,0.55,0.56
TAYASAN,34609,35470,38159,39005,0.47,1.55,1.07,0.53
VALENCIA,31477,34852,38733,39986,1.96,2.25,1.55,0.77
VALLEHERMOSO,36943,38259,40779,42421,0.67,1.35,1.16,0.95
ZAMBOANGUITA,24996,27552,29569,30412,1.87,1.5,1.11,0.68
SIQUIJOR,91066,95984,103395,107642,1.01,1.58,1.29,0.97
ENRIQUE VILLANUEVA,5972,6104,6790,6965,0.42,2.27,1.49,0.61
LARENA,12931,13847,14454,14933,1.31,0.91,0.85,0.78
LAZI,20024,20490,22488,23092,0.44,1.98,1.35,0.64
MARIA,13383,13828,14385,15146,0.62,0.83,1.03,1.24
SAN JUAN,13525,14854,16363,17291,1.8,2.06,1.72,1.33
SIQUIJOR,25231,26861,28915,30215,1.2,1.56,1.33,1.06
REGION VI (WESTERN VISAYAS),4194579,4477247,4730768,4861911,1.25,1.17,0.93,0.66
AKLAN,535725,574823,615475,634422,1.35,1.45,1.11,0.73
ALTAVAS,23919,24619,25639,26181,0.55,0.86,0.69,0.5
BALETE,27197,28920,30090,30310,1.18,0.84,0.53,0.17
BANGA,38063,39505,40318,41188,0.71,0.43,0.47,0.51
BATAN,30312,32032,33484,33932,1.06,0.94,0.65,0.32
BURUANGA,16962,19003,19357,19878,2.19,0.39,0.51,0.64
IBAJAY,45279,49564,52364,53399,1.74,1.16,0.84,0.47
KALIBO,74619,80605,89127,93218,1.48,2.14,1.64,1.08
LEZO,14518,15224,15639,16200,0.91,0.57,0.7,0.85
LIBACAO,28005,28241,28272,28525,0.16,0.02,0.11,0.21
MADALAG,18168,18389,18890,19043,0.23,0.57,0.39,0.19
MAKATO,25461,27262,29717,30650,1.31,1.83,1.32,0.74
MALAY,45811,52973,60077,64723,2.8,2.68,2.27,1.8
MALINAO,24108,23194,24517,24971,-0.73,1.17,0.83,0.44
NABAS,31052,36435,40632,41568,3.09,2.32,1.49,0.55
NEW WASHINGTON,42112,45007,47955,49204,1.27,1.34,1.0,0.62
NUMANCIA,29862,31934,35693,37428,1.28,2.37,1.79,1.14
TANGALAN,20277,21916,23704,24004,1.49,1.66,1.03,0.3
ANTIQUE,546031,582012,612974,643173,1.22,1.1,1.13,1.16
ANINI-Y,20349,21201,22018,22713,0.78,0.8,0.78,0.75
BARBAZA,21775,22704,23359,24925,0.8,0.6,1.05,1.57
BELISON,12807,13539,14129,14433,1.06,0.9,0.72,0.51
BUGASONG,32264,33642,34676,36060,0.8,0.64,0.78,0.94
CALUYA,30046,35496,38908,42895,3.22,1.95,2.14,2.37
CULASI,39086,41228,44494,46442,1.02,1.62,1.34,1.03
TOBIAS FORNIER,30669,33046,33816,34411,1.43,0.49,0.45,0.42
HAMTIC,45983,48592,52685,54455,1.06,1.72,1.28,0.8
LAUA-AN,25211,26072,26580,28177,0.64,0.41,0.87,1.41
LIBERTAD,15669,16429,17507,18685,0.91,1.35,1.45,1.57
PANDAN,32494,34333,35965,37325,1.05,0.98,0.94,0.89
PATNONGON,35102,37176,38329,40070,1.1,0.64,0.84,1.07
SAN JOSE,57847,62534,65140,69522,1.49,0.86,1.19,1.57
SAN REMIGIO,30446,31935,34045,36170,0.91,1.36,1.41,1.46
SEBASTE,17270,17907,18816,19365,0.69,1.05,0.88,0.69
SIBALOM,56058,60306,63833,67155,1.4,1.2,1.21,1.22
TIBIAO,24513,26748,28703,29608,1.67,1.5,1.14,0.75
VALDERRAMA,18442,19124,19971,20762,0.69,0.92,0.93,0.94
CAPIZ,719685,761384,804952,835098,1.08,1.18,1.04,0.89
CUARTERO,25456,27408,27993,28650,1.42,0.45,0.5,0.56
DAO,31911,32496,33842,34555,0.35,0.86,0.69,0.5
DUMALAG,29298,29466,30098,30872,0.11,0.45,0.52,0.61
DUMARAO,43986,46157,49506,51633,0.92,1.48,1.26,1.01
IVISAN,26763,29055,31278,32853,1.58,1.56,1.39,1.19
JAMINDAN,35002,36677,38670,40472,0.89,1.12,1.11,1.1
MA-AYON,36430,38416,41226,42997,1.02,1.5,1.27,1.01
MAMBUSAO,37672,39644,40690,41768,0.98,0.55,0.59,0.63
PANAY,43449,46114,48890,50946,1.14,1.24,1.12,0.99
PANITAN,37895,40289,42565,44246,1.17,1.16,1.06,0.93
PILAR,41572,45287,47100,48789,1.64,0.83,0.84,0.85
PONTEVEDRA,43525,46428,49725,51956,1.24,1.45,1.27,1.06
PRESIDENT ROXAS,28561,29676,31269,32436,0.73,1.11,1.0,0.88
CITY OF ROXAS,156197,167003,179292,185236,1.28,1.5,1.17,0.79
SAPI-AN,24779,25821,26697,27377,0.79,0.7,0.66,0.61
SIGMA,29138,30134,31688,32628,0.64,1.06,0.9,0.7
TAPAZ,48051,51313,54423,57684,1.26,1.25,1.32,1.41
GUIMARAS,162943,174613,187842,192874,1.33,1.55,1.12,0.64
BUENAVISTA,46703,50437,52899,54352,1.47,1.01,0.84,0.65
JORDAN,34791,36096,39566,40647,0.7,1.95,1.34,0.65
NUEVA VALENCIA,37852,39810,42771,43822,0.96,1.52,1.08,0.58
SAN LORENZO,24032,26112,29444,30266,1.59,2.56,1.67,0.66
SIBUNAG,19565,22158,23162,23787,2.4,0.94,0.8,0.64
ILOILO,1805576,1936423,2051899,2082616,1.34,1.23,0.82,0.36
AJUY,47248,52268,53462,54100,1.94,0.48,0.39,0.28
ALIMODIAN,37484,38408,39722,39814,0.46,0.71,0.4,0.06
ANILAO,27486,28684,30520,30612,0.82,1.31,0.73,0.07
BADIANGAN,26218,27005,27056,27088,0.56,0.04,0.03,0.03
BALASAN,29724,33088,35064,35193,2.06,1.23,0.69,0.09
BANATE,29543,32532,33376,33790,1.85,0.54,0.43,0.3
BAROTAC NUEVO,51867,54146,58176,59184,0.82,1.52,1.0,0.41
BAROTAC VIEJO,41470,45808,48614,49736,1.91,1.26,0.93,0.55
BATAD,19385,21298,22157,22174,1.81,0.84,0.45,0.02
BINGAWAN,13432,15199,16164,16247,2.38,1.3,0.75,0.12
CABATUAN,54950,58442,61110,62717,1.18,0.94,0.79,0.62
CALINOG,54430,60413,62853,63896,2.0,0.84,0.63,0.4
CARLES,62690,68160,72637,74177,1.6,1.35,0.95,0.5
CONCEPCION,39617,43159,44633,45737,1.64,0.71,0.65,0.59
DINGLE,43290,45335,45965,46032,0.88,0.29,0.17,0.03
DUEÑAS,33671,34242,34597,34941,0.32,0.22,0.23,0.24
DUMANGAS,66108,69108,73899,75239,0.85,1.42,0.96,0.43
ESTANCIA,42666,48546,53200,54882,2.49,1.94,1.38,0.75
GUIMBAL,32325,33820,35022,35129,0.86,0.74,0.43,0.07
IGBARAS,31347,32004,32197,32442,0.4,0.13,0.15,0.18
JANIUAY,63031,63905,66786,67509,0.26,0.93,0.62,0.26
LAMBUNAO,69023,73640,81236,80724,1.24,2.09,1.03,-0.15
LEGANES,29438,32480,34725,36542,1.89,1.42,1.33,1.23
LEMERY,27441,30851,31414,32836,2.25,0.38,0.7,1.07
LEON,47522,49875,51990,52777,0.92,0.88,0.64,0.36
MAASIN,35069,36922,38461,38761,0.98,0.86,0.55,0.19
MIAGAO,64545,67565,68115,68163,0.87,0.17,0.1,0.02
MINA,21785,23546,24042,24145,1.49,0.44,0.28,0.1
NEW LUCENA,22174,23240,24314,24785,0.9,0.95,0.72,0.46
OTON,82572,89115,98509,99920,1.46,2.13,1.29,0.34
CITY OF PASSI,79663,80544,88873,90313,0.21,2.09,1.29,0.39
PAVIA,43614,55603,70388,74594,4.73,5.09,3.35,1.4
POTOTAN,70955,75070,78298,78919,1.08,0.89,0.56,0.19
SAN DIONISIO,33650,38775,39048,39423,2.73,0.15,0.19,0.23
SAN ENRIQUE,32422,33911,36911,37381,0.86,1.8,1.1,0.3
SAN JOAQUIN,51645,51892,52617,52773,0.09,0.29,0.19,0.07
SAN MIGUEL,25013,27686,30115,31093,1.95,1.78,1.31,0.77
SAN RAFAEL,14655,16532,17795,18293,2.32,1.56,1.14,0.66
SANTA BARBARA,55472,60215,67630,68467,1.57,2.47,1.45,0.3
SARA,46889,52631,54637,55476,2.22,0.79,0.59,0.37
TIGBAUAN,58814,62706,65245,65657,1.23,0.84,0.52,0.15
TUBUNGAN,21540,22449,23021,23083,0.79,0.53,0.31,0.06
ZARRAGA,23693,25605,27305,27852,1.49,1.36,0.95,0.48
CITY OF ILOILO,424619,447992,457626,473728,1.02,0.45,0.63,0.83
REGION VII (CENTRAL VISAYAS),5422448,5945919,6545603,6640875,1.77,2.04,1.25,0.35
BOHOL,1255128,1313560,1394329,1412726,0.87,1.26,0.82,0.31
ALBURQUERQUE,9921,10540,11246,11489,1.16,1.37,0.97,0.51
ALICIA,22285,23517,24374,24663,1.03,0.76,0.53,0.28
ANDA,16909,16462,17778,17835,-0.51,1.63,0.9,0.08
ANTEQUERA,14481,14425,14990,14881,-0.07,0.81,0.35,-0.17
BACLAYON,18630,20591,22461,22754,1.92,1.85,1.13,0.31
BALILIHAN,17147,17903,18694,19747,0.82,0.91,1.1,1.32
BATUAN,12431,12767,13845,14423,0.51,1.72,1.38,0.99
BILAR,17098,17590,18512,18877,0.54,1.08,0.79,0.47
BUENAVISTA,27031,27261,29711,31095,0.16,1.83,1.49,1.1
CALAPE,30146,30863,33079,33022,0.45,1.47,0.76,-0.04
CANDIJAY,29043,29475,30119,30142,0.28,0.46,0.25,0.02
CARMEN,43579,46306,49191,50249,1.16,1.28,0.92,0.51
CATIGBIAN,22686,22675,23805,23812,-0.01,1.03,0.55,0.01
CLARIN,20296,20301,21158,21318,0.0,0.87,0.55,0.18
CORELLA,7699,8479,9479,9889,1.85,2.37,1.74,1.02
CORTES,15294,16954,18344,18976,1.98,1.67,1.27,0.82
DAGOHOY,18868,19158,19874,20068,0.29,0.77,0.52,0.23
DANAO,17952,17890,20245,20299,-0.07,2.64,1.43,0.06
DAUIS,39448,45663,52492,53864,2.82,2.98,1.87,0.62
DIMIAO,15166,14364,14889,14894,-1.03,0.76,0.41,0.01
DUERO,17580,17876,18861,19136,0.32,1.13,0.77,0.35
GARCIA HERNANDEZ,23038,24194,24430,24450,0.94,0.2,0.12,0.02
GUINDULMAN,31789,32408,34104,34660,0.37,1.08,0.76,0.39
INABANGA,43291,45880,48534,49133,1.11,1.19,0.77,0.29
JAGNA,32566,33892,35832,36674,0.76,1.18,0.89,0.56
GETAFE,27788,30955,33422,33485,2.08,1.63,0.88,0.05
LILA,11985,12257,12240,11450,0.43,-0.03,-0.76,-1.59
LOAY,16261,16691,17855,17957,0.5,1.43,0.82,0.14
LOBOC,16312,15993,17418,17338,-0.38,1.81,0.91,-0.11
LOON,42800,43034,44224,43857,0.1,0.58,0.21,-0.2
MABINI,28174,27171,28701,28224,-0.69,1.16,0.43,-0.4
MARIBOJOC,20491,20688,22178,22268,0.18,1.47,0.83,0.1
PANGLAO,28603,33553,39839,41760,3.08,3.68,2.48,1.14
PILAR,26887,27256,28693,28860,0.26,1.09,0.64,0.14
PRESIDENT CARLOS P. GARCIA,23287,23356,23625,23858,0.06,0.24,0.24,0.24
SAGBAYAN,20091,22339,24335,25329,2.04,1.82,1.42,0.96
SAN ISIDRO,9125,8744,9909,10228,-0.81,2.67,1.77,0.76
SAN MIGUEL,23574,24135,25356,26124,0.45,1.04,0.89,0.72
SEVILLA,10443,10661,11376,11425,0.39,1.37,0.78,0.1
SIERRA BULLONES,24698,24745,26095,26154,0.04,1.12,0.62,0.05
SIKATUNA,6380,6726,6906,7031,1.01,0.56,0.5,0.43
CITY OF TAGBILARAN,96792,105051,104976,106120,1.57,-0.02,0.11,0.26
TALIBON,61373,66969,71272,71450,1.67,1.32,0.73,0.06
TRINIDAD,28828,31956,35119,37191,1.98,2.01,1.71,1.38
TUBIGON,44902,45893,47886,49275,0.42,0.9,0.8,0.69
UBAY,68578,73712,81799,82179,1.38,2.21,1.23,0.11
VALENCIA,27586,27126,28392,28535,-0.32,0.96,0.57,0.12
BIEN UNIDO,25796,27115,26666,26278,0.95,-0.35,-0.35,-0.35
CEBU,2619362,2938982,3325385,3400522,2.22,2.63,1.65,0.54
ALCANTARA,13556,15160,16910,17490,2.15,2.32,1.62,0.81
ALCOY,14757,16979,19186,19207,2.71,2.6,1.39,0.03
ALEGRIA,22072,23300,25620,26520,1.04,2.02,1.46,0.83
ALOGUINSAN,27650,32100,34466,34990,2.88,1.51,0.97,0.36
ARGAO,69503,72366,78187,78111,0.77,1.64,0.86,-0.02
ASTURIAS,44732,47857,55397,54777,1.29,3.13,1.53,-0.27
BADIAN,37699,37912,43735,44626,0.11,3.05,1.84,0.48
BALAMBAN,71237,87177,95136,98170,3.92,1.85,1.34,0.76
BANTAYAN,74785,79084,86247,87394,1.07,1.84,1.13,0.32
BARILI,65524,73862,80715,82427,2.31,1.88,1.24,0.5
CITY OF BOGO,69911,78120,88867,90187,2.14,2.75,1.62,0.35
BOLJOON,15027,16344,17525,17153,1.61,1.48,0.54,-0.51
BORBON,31598,35526,38187,40097,2.25,1.53,1.37,1.18
CITY OF CARCAR,107323,119664,136453,140308,2.09,2.8,1.8,0.67
CARMEN,44648,51325,57897,60230,2.69,2.57,1.81,0.95
CATMON,28320,30471,33745,34608,1.4,2.17,1.44,0.61
COMPOSTELA,42574,47898,55874,58178,2.27,3.29,2.2,0.97
CONSOLACION,106649,131528,148012,153931,4.07,2.52,1.78,0.94
CORDOVA,50353,59712,70595,72915,3.3,3.58,2.26,0.78
DAANBANTAYAN,74897,84430,93502,95080,2.31,2.17,1.34,0.4
DALAGUETE,63239,67497,74596,75937,1.25,2.13,1.33,0.43
DANAO CITY,119252,136471,156321,161307,2.6,2.9,1.89,0.76
DUMANJUG,46754,51210,57823,59954,1.75,2.59,1.78,0.87
GINATILAN,15327,15919,16906,17184,0.72,1.27,0.86,0.39
LILOAN,100500,118753,153197,158387,3.23,5.5,3.28,0.8
MADRIDEJOS,34905,36429,42039,42828,0.82,3.06,1.83,0.45
MALABUYOC,18426,19373,19770,20378,0.96,0.43,0.57,0.73
MEDELLIN,50047,55332,59605,62163,1.93,1.58,1.31,1.01
MINGLANILLA,113178,132135,151002,155934,2.99,2.85,1.87,0.77
MOALBOAL,27676,31130,36930,37993,2.26,3.66,2.26,0.68
CITY OF NAGA,101571,115750,133184,138727,2.52,3.0,2.05,0.98
OSLOB,26116,27893,29264,29378,1.26,1.01,0.58,0.09
PILAR,11564,11308,12506,12454,-0.43,2.14,1.09,-0.1
PINAMUNGAJAN,57997,65955,75131,76568,2.48,2.78,1.69,0.46
PORO,23498,25212,26232,26908,1.35,0.84,0.73,0.61
RONDA,18582,20360,21005,21179,1.75,0.66,0.44,0.2
SAMBOAN,18613,20884,20373,20736,2.21,-0.52,-0.08,0.42
SAN FERNANDO,60970,66280,72224,76110,1.6,1.82,1.56,1.26
SAN FRANCISCO,47357,55180,59236,61092,2.95,1.5,1.15,0.74
SAN REMIGIO,51394,57557,65744,67850,2.18,2.84,1.86,0.76
SANTA FE,27270,28603,34471,34834,0.91,4.0,2.23,0.25
SANTANDER,16105,17857,18527,18669,1.98,0.78,0.5,0.18
SIBONGA,43641,48186,53424,54610,1.9,2.19,1.41,0.53
SOGOD,30626,35108,39447,40746,2.63,2.48,1.68,0.78
TABOGON,33024,39013,41432,42066,3.22,1.27,0.85,0.36
TABUELAN,22292,25630,28907,29662,2.69,2.56,1.65,0.62
CITY OF TALISAY,200772,227645,263048,263832,2.42,3.09,1.67,0.07
CITY OF TOLEDO,157078,170335,207314,206692,1.55,4.22,2.19,-0.07
TUBURAN,58914,63866,68167,68307,1.55,1.38,0.76,0.05
TUDELA,9859,11296,11304,11638,2.62,0.01,0.33,0.7
CITY OF CEBU,866171,922611,964169,965332,1.21,0.93,0.51,0.03
CITY OF LAPU-LAPU,350467,408112,497604,497813,2.94,4.26,2.25,0.01
CITY OF MANDAUE,331320,362654,364116,364482,1.73,0.08,0.06,0.02
REGION VIII (EASTERN VISAYAS),4101322,4440150,4547150,4625929,1.52,0.5,0.46,0.41
BILIRAN,161760,171612,179312,184095,1.13,0.93,0.79,0.63
ALMERIA,16495,16951,17954,18716,0.52,1.22,1.12,1.0
BILIRAN,16183,16882,17662,18721,0.81,0.95,1.17,1.41
CABUCGAYAN,19621,20788,21542,21923,1.11,0.75,0.6,0.42
CAIBIRAN,21473,22524,24167,24444,0.91,1.49,0.92,0.27
CULABA,12252,12325,12972,13563,0.11,1.08,1.08,1.07
KAWAYAN,20238,20291,20455,21422,0.05,0.17,0.61,1.11
MARIPIPI,6699,7159,6373,6070,1.27,-2.42,-1.83,-1.16
NAVAL,48799,54692,58187,59236,2.19,1.31,0.9,0.43
EASTERN SAMAR,428877,467160,477168,472683,1.64,0.45,0.13,-0.23
ARTECHE,15164,16026,16360,16648,1.06,0.43,0.43,0.42
BALANGIGA,12756,14085,14341,14473,1.9,0.38,0.3,0.22
BALANGKAYAN,9046,10125,10185,10014,2.17,0.12,-0.12,-0.41
CITY OF BORONGAN,64457,69297,71961,71431,1.39,0.8,0.34,-0.18
CAN-AVID,19785,21015,21682,21942,1.15,0.66,0.48,0.29
DOLORES,37912,42866,44626,45314,2.36,0.85,0.62,0.37
GENERAL MACARTHUR,12214,14550,14411,14606,3.39,-0.2,0.04,0.32
GIPORLOS,12040,13308,13117,12974,1.92,-0.3,-0.28,-0.26
GUIUAN,47037,52991,53361,52749,2.29,0.15,-0.05,-0.28
HERNANI,8070,8573,8531,8296,1.16,-0.1,-0.37,-0.67
JIPAPAD,7397,7885,8439,8726,1.22,1.44,1.14,0.81
LAWAAN,11612,12742,13003,13063,1.78,0.43,0.28,0.11
LLORENTE,19101,20149,21459,18909,1.02,1.33,-0.71,-2.99
MASLOG,4781,5407,5463,5438,2.37,0.22,0.06,-0.11
MAYDOLONG,13614,14743,15314,15456,1.53,0.8,0.53,0.22
MERCEDES,5369,6070,6112,6114,2.36,0.15,0.08,0.01
ORAS,34760,36540,37451,35997,0.95,0.52,-0.17,-0.95
QUINAPONDAN,13841,14779,14507,14624,1.26,-0.39,-0.12,0.19
SALCEDO,19970,22532,22136,21335,2.32,-0.37,-0.61,-0.88
SAN JULIAN,13748,14498,14800,14509,1.02,0.43,0.01,-0.48
SAN POLICARPO,13836,14687,15365,15597,1.14,0.95,0.68,0.36
SULAT,15184,15377,15758,15776,0.24,0.52,0.29,0.03
TAFT,17183,18915,18786,18692,1.84,-0.14,-0.13,-0.12
LEYTE,1567984,1724679,1776847,1823458,1.83,0.63,0.63,0.62
ABUYOG,57146,59571,61216,61854,0.79,0.57,0.42,0.25
ALANGALANG,46411,55235,57185,59063,3.37,0.73,0.75,0.78
ALBUERA,40553,46332,47151,47333,2.57,0.37,0.24,0.09
BABATNGON,25575,27797,28823,29587,1.6,0.77,0.7,0.63
BARUGO,30092,32745,34497,35402,1.62,1.1,0.88,0.62
BATO,35610,38356,38505,39275,1.42,0.08,0.27,0.48
CITY OF BAYBAY,102841,109432,111848,114708,1.19,0.46,0.53,0.61
BURAUEN,48853,52732,52511,54635,1.46,-0.09,0.4,0.96
CALUBIAN,29619,31228,31646,31990,1.01,0.28,0.27,0.26
CAPOOCAN,29834,33617,33721,34388,2.3,0.07,0.25,0.47
CARIGARA,47444,51345,54656,56060,1.52,1.32,0.99,0.61
DAGAMI,31490,35147,36178,36700,2.11,0.61,0.49,0.34
DULAG,41757,47300,48992,50728,2.4,0.74,0.79,0.84
HILONGOS,56803,63431,64514,66774,2.12,0.36,0.58,0.83
HINDANG,20179,20924,20849,21520,0.69,-0.08,0.32,0.76
INOPACAN,19904,20550,21389,21629,0.61,0.85,0.58,0.27
ISABEL,43593,46915,46781,46858,1.41,-0.06,-0.01,0.04
JARO,39577,43199,43758,44643,1.68,0.27,0.37,0.48
JAVIER,23878,25379,26658,27759,1.17,1.04,1.01,0.98
JULITA,13307,15114,15598,16053,2.45,0.67,0.68,0.69
KANANGA,48027,56575,59696,60885,3.17,1.14,0.83,0.47
LA PAZ,19133,19998,19174,19797,0.85,-0.88,-0.11,0.77
LEYTE,37505,40639,40397,40622,1.54,-0.13,0.0,0.13
MACARTHUR,18724,21211,21578,22256,2.4,0.36,0.54,0.74
MAHAPLAG,26599,27823,27865,28424,0.86,0.03,0.24,0.48
MATAG-OB,17089,18373,17522,18618,1.39,-0.99,0.15,1.47
MATALOM,31097,33121,32586,32604,1.21,-0.34,-0.18,0.01
MAYORGA,14694,17161,18071,18713,3.0,1.09,0.97,0.84
MERIDA,27224,29863,31574,32373,1.78,1.18,0.91,0.6
ORMOC CITY,191200,215031,230998,238545,2.26,1.52,1.17,0.77
PALO,62727,70052,76213,80291,2.12,1.79,1.54,1.26
PALOMPON,54163,58108,58313,59486,1.35,0.07,0.26,0.48
PASTRANA,16649,18002,19359,20327,1.5,1.54,1.37,1.18
SAN ISIDRO,28554,31641,30722,30792,1.97,-0.62,-0.3,0.05
SAN MIGUEL,17561,19420,19753,20322,1.93,0.36,0.51,0.68
SANTA FE,17427,20439,22102,22889,3.08,1.66,1.28,0.84
TABANGO,31932,34195,33868,33888,1.31,-0.2,-0.1,0.01
TABONTABON,9838,11204,11902,12157,2.51,1.28,0.92,0.51
TANAUAN,50119,55021,57455,60212,1.79,0.91,1.02,1.13
TOLOSA,17921,20978,20708,22016,3.04,-0.27,0.54,1.48
TUNGA,6516,7584,7656,8301,2.93,0.2,1.02,1.96
VILLABA,38819,41891,42859,42981,1.46,0.48,0.29,0.07
CITY OF TACLOBAN,221174,242089,251881,259353,1.73,0.84,0.77,0.7
NORTHERN SAMAR,589013,632379,639186,645789,1.36,0.23,0.24,0.25
ALLEN,23738,25469,25228,26527,1.35,-0.2,0.46,1.21
BIRI,10987,11767,11274,11005,1.31,-0.9,-0.75,-0.58
BOBON,20956,23668,25964,27266,2.34,1.97,1.6,1.18
CAPUL,12659,12679,12323,12127,0.03,-0.6,-0.5,-0.38
CATARMAN,84833,94037,97879,97738,1.98,0.85,0.43,-0.03
CATUBIG,31723,33025,32174,32688,0.77,-0.55,-0.11,0.38
GAMAY,22425,23511,23367,21546,0.9,-0.13,-0.97,-1.93
LAOANG,58037,61359,60607,60980,1.06,-0.26,-0.07,0.15
LAPINIG,11744,13020,11844,11908,1.98,-1.97,-1.0,0.13
LAS NAVAS,36539,37947,36621,37425,0.72,-0.75,-0.16,0.52
LAVEZARES,27464,28770,29390,29801,0.89,0.45,0.4,0.33
MAPANAS,12423,14025,14234,14858,2.34,0.31,0.65,1.03
MONDRAGON,35318,38726,41415,43116,1.77,1.42,1.21,0.97
PALAPAG,33453,34286,34034,34954,0.47,-0.16,0.22,0.64
PAMBUJAN,31057,33062,35532,34174,1.2,1.53,0.37,-0.93
ROSARIO,10214,10520,10949,11726,0.56,0.84,1.22,1.66
SAN ANTONIO,8877,9058,8882,8904,0.38,-0.41,-0.19,0.06
SAN ISIDRO,24952,26650,27867,26068,1.26,0.94,-0.25,-1.59
SAN JOSE,16079,17561,17641,18301,1.69,0.1,0.46,0.88
SAN ROQUE,26323,30580,29882,29993,2.89,-0.48,-0.22,0.09
SAN VICENTE,7447,7856,6928,7308,1.02,-2.61,-0.81,1.29
SILVINO LOBOS,14303,15299,15100,15512,1.29,-0.28,0.16,0.65
VICTORIA,13920,14817,15361,16085,1.2,0.76,0.92,1.11
LOPE DE VEGA,13542,14687,14690,15779,1.56,0.0,0.81,1.73
SAMAR,733377,780481,793183,806179,1.19,0.34,0.36,0.39
ALMAGRO,11024,8942,9273,8571,-3.91,0.77,-0.47,-1.87
BASEY,50423,55480,56685,57645,1.84,0.45,0.43,0.4
CITY OF CALBAYOG,172778,183851,186960,187848,1.19,0.35,0.24,0.11
CALBIGA,21434,22982,23310,23309,1.34,0.3,0.16,0.0
CITY OF CATBALOGAN,94317,103879,106440,107896,1.85,0.51,0.43,0.33
DARAM,41322,42879,41608,41932,0.71,-0.63,-0.25,0.19
GANDARA,31943,34434,35242,36826,1.44,0.49,0.76,1.06
HINABANGAN,12651,13673,13693,13791,1.49,0.03,0.1,0.17
JIABONG,17075,18342,19205,19482,1.37,0.97,0.68,0.34
MARABUT,15115,16962,17842,18168,2.22,1.07,0.77,0.44
MATUGUINAO,6746,7288,7364,7708,1.48,0.22,0.63,1.1
MOTIONG,14829,15156,15276,15887,0.42,0.17,0.53,0.94
PINABACDAO,16208,18252,18136,18639,2.29,-0.13,0.24,0.66
SAN JOSE DE BUAN,6563,7769,7767,7939,3.26,-0.01,0.24,0.53
SAN SEBASTIAN,7708,8057,8704,9110,0.85,1.64,1.39,1.1
SANTA MARGARITA,24850,26348,26816,27012,1.12,0.37,0.28,0.17
SANTA RITA,38082,41591,42384,42397,1.69,0.4,0.22,0.01
SANTO NIÑO,13504,12863,12519,13088,-0.92,-0.57,0.19,1.07
TALALORA,7983,8057,7856,8530,0.18,-0.53,0.64,1.99
TARANGNAN,24146,24992,25713,26013,0.66,0.6,0.45,0.28
VILLAREAL,26221,28230,27394,27909,1.41,-0.63,-0.13,0.45
PARANAS,29327,30557,32374,35281,0.78,1.22,1.62,2.08
ZUMARRAGA,16936,16295,16279,16051,-0.73,-0.02,-0.17,-0.34
TAGAPUL-AN,7828,8473,8805,9139,1.52,0.81,0.85,0.9
SAN JORGE,16340,17184,17579,17863,0.96,0.48,0.44,0.39
PAGSANGHAN,8024,7945,7959,8145,-0.19,0.04,0.28,0.56
SOUTHERN LEYTE,399137,421750,429573,434372,1.05,0.39,0.33,0.27
ANAHAWAN,7942,8211,8429,8766,0.64,0.55,0.74,0.94
BONTOC,28079,28905,29799,32082,0.55,0.64,1.18,1.79
HINUNANGAN,28415,29976,29149,30384,1.02,-0.59,0.15,1.0
HINUNDAYAN,11890,12285,12398,13042,0.62,0.19,0.67,1.22
LIBAGON,14352,15169,15244,16146,1.06,0.1,0.7,1.39
LILOAN,22817,23981,24800,23787,0.95,0.71,-0.09,-1.0
CITY OF MAASIN,81250,85560,87446,85486,0.99,0.46,-0.01,-0.54
MACROHON,25386,26244,26580,27276,0.63,0.27,0.43,0.62
MALITBOG,22009,22923,23256,21691,0.78,0.3,-0.62,-1.66
PADRE BURGOS,10525,11091,11159,11515,1.0,0.13,0.42,0.76
PINTUYAN,9261,9826,10202,10930,1.13,0.79,1.2,1.67
SAINT BERNARD,25169,28395,28414,28131,2.32,0.01,-0.1,-0.24
SAN FRANCISCO,12528,13402,13436,12897,1.29,0.05,-0.43,-0.98
SAN JUAN,14073,14858,14912,15036,1.04,0.08,0.13,0.2
SAN RICARDO,10078,10494,10500,10385,0.77,0.01,-0.12,-0.26
SILAGO,12310,12775,13116,14677,0.71,0.56,1.57,2.73
SOGOD,41411,44986,47552,48815,1.59,1.17,0.92,0.63
TOMAS OPPUS,15807,16608,16990,16846,0.95,0.48,0.16,-0.2
LIMASAWA,5835,6061,6191,6480,0.73,0.45,0.75,1.1
REGION IX (ZAMBOANGA PENINSULA),3407353,3629783,3875576,3943837,1.21,1.39,0.93,0.42
ZAMBOANGA DEL NORTE,957997,1011393,1047455,1067067,1.04,0.74,0.6,0.45
CITY OF DAPITAN,77441,82418,85202,87699,1.19,0.7,0.7,0.7
CITY OF DIPOLOG,120460,130759,138141,136528,1.57,1.16,0.49,-0.28
KATIPUNAN,43339,45577,44661,43427,0.96,-0.43,-0.54,-0.67
LA LIBERTAD,7771,8406,8119,7874,1.51,-0.73,-0.73,-0.73
LABASON,40375,41357,43934,44615,0.46,1.28,0.85,0.37
LILOY,39015,39812,42213,41881,0.39,1.24,0.57,-0.19
MANUKAN,35589,36526,36887,35669,0.5,0.21,-0.27,-0.8
MUTIA,11975,12675,11726,12197,1.09,-1.62,-0.43,0.95
PIÑAN,20088,20161,20221,19184,0.07,0.06,-0.56,-1.25
POLANCO,37472,39347,42265,40485,0.93,1.52,0.32,-1.03
PRES. MANUEL A. ROXAS,37611,39323,39198,38649,0.85,-0.07,-0.19,-0.34
RIZAL,14111,14021,15052,15347,-0.12,1.5,1.02,0.47
SALUG,31157,32204,32134,33060,0.63,-0.05,0.29,0.68
SERGIO OSMEÑA SR.,29453,30220,31942,31187,0.49,1.17,0.35,-0.57
SIAYAN,34989,34966,36236,40937,-0.01,0.75,1.78,2.97
SIBUCO,31982,34620,36049,37883,1.52,0.85,1.01,1.2
SIBUTAD,16783,17645,17453,18199,0.96,-0.23,0.35,1.01
SINDANGAN,94146,99435,103952,104514,1.05,0.94,0.56,0.13
SIOCON,41637,46907,48524,51239,2.29,0.72,0.99,1.31
SIRAWAI,24583,28799,31163,39836,3.06,1.67,3.7,6.07
TAMPILISAN,23056,24307,24680,24653,1.01,0.32,0.16,-0.03
JOSE DALMAN,27033,27388,28881,27951,0.25,1.12,0.23,-0.78
GUTALAC,32153,34654,36090,37512,1.44,0.86,0.89,0.93
BALIGUIAN,21190,22588,23771,25585,1.22,1.08,1.41,1.78
GODOD,17788,17424,17510,18040,-0.39,0.1,0.39,0.72
LEON T. POSTIGO,24643,26221,27639,29535,1.19,1.11,1.34,1.6
KALAWIT,22157,23633,23812,23381,1.23,0.16,-0.12,-0.44
ZAMBOANGA DEL SUR,959685,1010674,1050668,1045126,0.99,0.82,0.38,-0.13
AURORA,48434,50755,52995,52746,0.89,0.91,0.43,-0.11
BAYOG,30048,33591,34519,32687,2.14,0.57,-0.31,-1.3
DIMATALING,27715,30081,31340,33156,1.57,0.87,1.1,1.36
DINAS,34768,35504,36291,35409,0.4,0.46,-0.03,-0.59
DUMALINAO,30691,32013,32928,34188,0.81,0.59,0.74,0.9
DUMINGAG,46500,47485,48881,48495,0.4,0.61,0.24,-0.19
KUMALARANG,28210,28469,29479,30815,0.17,0.74,0.89,1.07
LABANGAN,39168,41790,44262,45343,1.24,1.22,0.92,0.58
LAPUYAN,26175,27264,27737,28686,0.78,0.36,0.57,0.81
MAHAYAG,45015,46516,48258,48695,0.63,0.78,0.51,0.22
MARGOSATUBIG,35596,37873,38660,36025,1.19,0.43,-0.56,-1.68
MIDSALIP,31467,32075,33711,35643,0.36,1.05,1.19,1.35
MOLAVE,48939,52006,53140,52540,1.16,0.45,0.11,-0.27
CITY OF PAGADIAN,186852,199060,210452,206483,1.21,1.18,0.41,-0.46
RAMON MAGSAYSAY,26194,26606,27280,28419,0.3,0.53,0.74,0.99
SAN MIGUEL,18258,19205,19838,20037,0.97,0.68,0.48,0.24
SAN PABLO,26500,26106,26648,26166,-0.28,0.43,0.03,-0.44
TABINA,24110,25061,25734,24591,0.74,0.56,-0.21,-1.08
TAMBULIG,34883,36160,37480,37400,0.69,0.76,0.38,-0.05
TUKURAN,37883,39820,42429,42683,0.95,1.34,0.78,0.14
LAKEWOOD,19645,20374,21559,23599,0.7,1.2,1.66,2.19
JOSEFINA,10826,11799,12205,11190,1.65,0.71,-0.59,-2.06
PITOGO,25502,27057,27516,28375,1.13,0.35,0.53,0.74
SOMINOT,16652,18537,19061,17247,2.06,0.59,-0.81,-2.37
VINCENZO A. SAGUN,20583,23759,24852,22619,2.77,0.95,-0.55,-2.23
GUIPOS,19771,20729,21738,22173,0.9,1.0,0.76,0.48
TIGBAO,19300,20979,21675,19716,1.6,0.69,-0.69,-2.25
CITY OF ZAMBOANGA,807129,861799,977234,1018849,1.26,2.68,1.89,1.01
ZAMBOANGA SIBUGAY,584685,633129,669840,661498,1.53,1.19,0.49,-0.3
ALICIA,34895,36013,39456,39484,0.6,1.94,1.04,0.02
BUUG,35969,36634,38425,38730,0.35,1.01,0.63,0.19
DIPLAHAN,31215,32428,32585,32423,0.73,0.1,0.0,-0.12
IMELDA,29035,29394,27870,29652,0.23,-1.11,0.1,1.5
IPIL,64939,74656,89401,96363,2.69,3.86,2.9,1.81
KABASALAN,41421,44336,46884,48366,1.3,1.18,0.98,0.75
MABUHAY,33093,36870,37390,24296,2.08,0.3,-4.57,-9.82
MALANGAS,31243,33380,32022,33194,1.27,-0.87,-0.06,0.87
NAGA,37814,38547,41743,42270,0.37,1.69,1.04,0.3
OLUTANGA,28717,33671,38438,34124,3.07,2.82,0.15,-2.81
PAYAO,28623,30310,33102,33156,1.1,1.87,1.01,0.04
ROSELLER LIM,37216,43646,43575,44735,3.08,-0.03,0.28,0.63
SIAY,38229,41572,40585,43233,1.61,-0.5,0.44,1.53
TALUSAN,25268,29969,27873,17925,3.3,-1.51,-5.6,-10.05
TITAY,46456,49673,53994,55534,1.28,1.77,1.26,0.68
TUNGAWAN,40552,42030,46497,48013,0.68,2.15,1.5,0.77
CITY OF ISABELA,97857,112788,130379,151297,2.74,3.1,3.35,3.63
REGION X (NORTHERN MINDANAO),4297323,4689302,5022768,5178326,1.68,1.46,1.12,0.73
BUKIDNON,1299192,1415226,1541308,1601902,1.64,1.81,1.4,0.93
BAUNGON,32868,34336,37111,39151,0.83,1.65,1.48,1.29
DAMULOG,25538,30302,39322,38564,3.31,5.63,2.74,-0.47
DANGCAGAN,22448,23723,26076,27128,1.06,2.01,1.51,0.95
DON CARLOS,64334,66959,69273,73592,0.76,0.72,1.06,1.46
IMPASUG-ONG,43587,47859,53863,55901,1.8,2.52,1.76,0.89
KADINGILAN,31756,33778,33735,35432,1.18,-0.03,0.54,1.18
KALILANGAN,39847,41601,43711,44108,0.82,1.05,0.66,0.22
KIBAWE,35767,39612,41897,43491,1.96,1.19,1.05,0.9
KITAOTAO,49488,50260,53796,57364,0.3,1.44,1.49,1.55
LANTAPAN,55934,61776,65974,68777,1.91,1.39,1.21,1.0
LIBONA,39393,43969,48965,51555,2.11,2.29,1.8,1.24
CITY OF MALAYBALAY,153085,174625,190712,195046,2.54,1.87,1.25,0.54
MALITBOG,22880,24453,26741,28666,1.27,1.9,1.8,1.68
MANOLO FORTICH,91026,100210,113200,118075,1.85,2.6,1.86,1.02
MARAMAG,90901,102089,108293,109864,2.23,1.25,0.83,0.35
PANGANTUCAN,48775,53126,56580,60162,1.64,1.33,1.4,1.48
QUEZON,94584,104116,109624,114521,1.84,1.09,1.07,1.05
SAN FERNANDO,50207,56138,63045,65494,2.15,2.47,1.74,0.92
SUMILAO,25668,27660,29531,31094,1.43,1.39,1.32,1.24
TALAKAG,67123,71644,77027,81932,1.25,1.54,1.52,1.49
CITY OF VALENCIA,181556,192993,216546,223620,1.17,2.45,1.66,0.77
CABANGLASAN,32427,33997,36286,38365,0.9,1.38,1.36,1.35
CAMIGUIN,83807,88478,92808,94892,1.04,1.01,0.79,0.53
CATARMAN,16388,16798,17569,18186,0.47,0.95,0.89,0.83
GUINSILIBAN,5580,6281,6685,6827,2.28,1.32,0.94,0.51
MAHINOG,13531,14038,14634,14905,0.7,0.88,0.67,0.44
MAMBAJAO,36435,38735,41094,41782,1.17,1.25,0.85,0.4
SAGAY,11873,12626,12826,13192,1.18,0.33,0.49,0.68
LANAO DEL NORTE,607917,676395,722902,761725,2.05,1.41,1.34,1.26
BACOLOD,21818,23034,24367,24963,1.04,1.19,0.91,0.58
BALOI,50387,58383,68465,74003,2.84,3.41,2.69,1.88
BAROY,20948,22600,24683,24763,1.46,1.87,1.03,0.08
KAPATAGAN,53916,62853,62571,72762,2.96,-0.09,1.65,3.68
SULTAN NAGA DIMAPORO,52430,56764,60904,65656,1.52,1.49,1.64,1.82
KAUSWAGAN,24006,26278,24193,25515,1.74,-1.72,-0.33,1.28
KOLAMBUGAN,26445,27005,28265,28545,0.4,0.96,0.62,0.24
LALA,65355,67727,73425,75015,0.68,1.71,1.15,0.52
LINAMON,17484,20341,21269,21385,2.92,0.94,0.56,0.13
MAGSAYSAY,16442,19019,20463,20581,2.81,1.55,0.89,0.14
MAIGO,20131,21666,23337,23400,1.41,1.58,0.87,0.06
MATUNGAO,12217,13975,14756,16404,2.59,1.15,1.81,2.57
MUNAI,27600,32973,35020,36449,3.44,1.28,1.13,0.96
NUNUNGAN,16304,18367,18827,19036,2.29,0.52,0.4,0.27
PANTAO RAGAT,23122,27866,30247,32557,3.62,1.74,1.76,1.78
POONA PIAGAPO,23451,27018,29183,30666,2.73,1.63,1.43,1.2
SALVADOR,27348,31845,32115,34053,2.94,0.18,0.75,1.42
SAPAD,19479,21309,22974,24826,1.72,1.6,1.73,1.88
TAGOLOAN,11674,13253,15091,16204,2.44,2.77,2.28,1.72
TANGCAL,12588,15181,16075,17247,3.63,1.21,1.44,1.7
TUBOD,46332,47165,50073,50395,0.34,1.27,0.75,0.15
PANTAR,18440,21773,26599,27300,3.21,4.3,2.57,0.63
CITY OF ILIGAN,322821,342618,363115,368132,1.14,1.23,0.81,0.33
MISAMIS OCCIDENTAL,567642,602126,617333,621993,1.13,0.53,0.36,0.18
ALORAN,26630,27625,27934,28095,0.7,0.23,0.19,0.14
BALIANGAO,16155,17092,18433,18500,1.08,1.6,0.89,0.09
BONIFACIO,30904,32345,34558,34942,0.87,1.4,0.87,0.27
CALAMBA,21005,21676,23227,23808,0.6,1.46,1.06,0.59
CLARIN,35573,37548,39356,39867,1.03,0.99,0.67,0.31
CONCEPCION,7410,10937,9324,6608,7.69,-3.3,-5.49,-7.93
JIMENEZ,25234,27654,28909,29265,1.76,0.94,0.64,0.29
LOPEZ JAENA,23767,25055,25507,25806,1.01,0.38,0.33,0.28
CITY OF OROQUIETA,68945,70757,72301,71373,0.49,0.46,0.1,-0.31
CITY OF OZAMIZ,131527,141828,140334,143620,1.45,-0.22,0.14,0.56
PANAON,10176,10209,10797,10891,0.06,1.19,0.73,0.21
PLARIDEL,35251,38900,39840,40321,1.89,0.5,0.4,0.29
SAPANG DALAGA,19431,19983,20490,21006,0.53,0.53,0.56,0.6
SINACABAN,18597,18391,19671,20176,-0.21,1.43,1.04,0.61
CITY OF TANGUB,59892,63011,68389,68419,0.97,1.74,0.93,0.01
TUDELA,27371,28932,28599,29082,1.06,-0.24,0.06,0.4
DON VICTORIANO CHIONGBIAN,9774,10183,9664,10214,0.78,-1.09,0.03,1.34
MISAMIS ORIENTAL,813856,888509,956900,988065,1.68,1.57,1.2,0.77
ALUBIJID,26648,29724,32163,35411,2.1,1.67,1.98,2.33
BALINGASAG,65876,67059,74385,76877,0.34,2.21,1.54,0.79
BALINGOAN,10175,11051,11020,11896,1.58,-0.06,0.83,1.85
BINUANGAN,6765,7515,7441,8293,2.02,-0.21,1.11,2.63
CLAVERIA,44544,48906,52478,52718,1.79,1.49,0.84,0.11
CITY OF EL SALVADOR,44848,50204,58771,62126,2.17,3.37,2.42,1.34
CITY OF GINGOOG,117908,124648,136698,138895,1.06,1.96,1.22,0.38
GITAGUM,16098,16373,17920,19269,0.32,1.92,1.84,1.76
INITAO,29331,32370,33902,34445,1.89,0.98,0.7,0.38
JASAAN,50121,54478,57055,58098,1.6,0.98,0.72,0.44
KINOGUITAN,12761,14391,14091,15763,2.31,-0.44,1.03,2.73
LAGONGLONG,19303,21659,24190,25072,2.22,2.35,1.65,0.86
LAGUINDINGAN,21822,24405,26363,27688,2.15,1.64,1.42,1.18
LIBERTAD,11586,12354,12948,13461,1.23,0.99,0.97,0.94
LUGAIT,18639,19758,20559,20946,1.12,0.84,0.66,0.45
MAGSAYSAY,33047,34605,36803,37084,0.88,1.3,0.78,0.18
MANTICAO,26786,28422,29469,30968,1.13,0.76,0.97,1.2
MEDINA,31154,32907,35612,36692,1.05,1.68,1.23,0.72
NAAWAN,18895,21213,22444,23562,2.23,1.19,1.18,1.17
OPOL,52108,61503,66327,66836,3.2,1.6,0.94,0.18
SALAY,27591,28705,29998,31128,0.76,0.93,0.91,0.89
SUGBONGCOGON,8745,9226,9764,11156,1.02,1.2,2.15,3.25
TAGOLOAN,63850,73150,80319,80424,2.62,1.99,1.07,0.03
TALISAYAN,23289,24505,25761,26801,0.97,1.06,1.01,0.95
VILLANUEVA,31966,39378,40419,42456,4.05,0.55,0.85,1.19
CITY OF CAGAYAN DE ORO,602088,675950,728402,741617,2.23,1.58,1.04,0.43
REGION XI (DAVAO REGION),4468563,4893318,5243536,5389422,1.74,1.46,1.09,0.66
DAVAO DE ORO,687195,736107,767547,783775,1.32,0.88,0.71,0.5
COMPOSTELA,81934,87474,89884,89224,1.25,0.57,0.22,-0.18
LAAK,70856,73874,79744,83632,0.8,1.62,1.4,1.15
MABINI,36807,41102,43552,43971,2.12,1.23,0.76,0.23
MACO,72235,81277,83237,87680,2.27,0.5,0.85,1.25
MARAGUSAN,55503,60842,64412,67759,1.76,1.21,1.21,1.22
MAWAB,35698,37065,39631,41050,0.72,1.42,1.15,0.85
MONKAYO,94827,94908,93937,96405,0.02,-0.22,0.18,0.62
MONTEVISTA,39602,43706,46558,46581,1.89,1.34,0.72,0.01
NABUNTURAN,73196,82234,84340,85949,2.24,0.53,0.5,0.45
NEW BATAAN,47470,47726,51466,50212,0.1,1.6,0.57,-0.59
PANTUKAN,79067,85899,90786,91312,1.59,1.17,0.69,0.14
DAVAO DEL NORTE,945764,1016332,1125057,1143931,1.38,2.16,1.33,0.4
ASUNCION,55844,59322,61893,62929,1.16,0.9,0.66,0.4
CARMEN,69199,74679,82018,85423,1.46,1.99,1.52,0.98
KAPALONG,68261,76334,81068,80731,2.15,1.27,0.63,-0.1
NEW CORELLA,50699,54844,57913,60454,1.51,1.15,1.1,1.04
CITY OF PANABO,174364,184599,209230,211242,1.09,2.67,1.52,0.23
ISLAND GARDEN CITY OF SAMAL,95874,104123,116771,119701,1.58,2.44,1.57,0.6
SANTO TOMAS,109269,118750,128667,131100,1.6,1.7,1.11,0.45
CITY OF TAGUM,242801,259444,296202,300042,1.27,2.83,1.64,0.31
TALAINGOD,25566,27482,28333,28665,1.38,0.64,0.47,0.28
BRAULIO E. DUJALI,28339,30104,35729,36092,1.16,3.67,2.05,0.24
SAN ISIDRO,25548,26651,27233,27552,0.81,0.46,0.37,0.28
DAVAO DEL SUR,574910,632588,680481,705129,1.84,1.55,1.22,0.86
BANSALAN,56496,60440,62737,64816,1.29,0.79,0.79,0.78
CITY OF DIGOS,149891,169393,188376,192063,2.35,2.26,1.42,0.47
HAGONOY,49107,53309,56919,58689,1.57,1.39,1.08,0.74
KIBLAWAN,44618,48897,49381,53757,1.76,0.21,1.07,2.06
MAGSAYSAY,49141,53876,56263,57936,1.77,0.92,0.82,0.71
MALALAG,35295,38731,40158,40280,1.78,0.76,0.44,0.07
MATANAO,51382,56755,60493,62773,1.91,1.35,1.14,0.89
PADADA,25724,26587,29878,29888,0.63,2.49,1.32,0.01
SANTA CRUZ,81093,90987,101125,104793,2.21,2.25,1.6,0.86
SULOP,32163,33613,35151,40134,0.84,0.95,2.01,3.23
CITY OF DAVAO,1449296,1632991,1776949,1848947,2.3,1.79,1.4,0.96
DAVAO OCCIDENTAL,293780,316342,317159,317598,1.42,0.05,0.04,0.03
DON MARCELINO,41942,44554,45540,45681,1.16,0.46,0.28,0.07
JOSE ABAD SANTOS,69631,76332,73381,72552,1.76,-0.83,-0.57,-0.27
MALITA,109568,117746,118197,118438,1.38,0.08,0.07,0.05
SANTA MARIA,49349,53671,57526,58886,1.61,1.47,1.04,0.56
SARANGANI,23290,24039,22515,22041,0.6,-1.37,-0.97,-0.51
DAVAO ORIENTAL,517618,558958,576343,590042,1.47,0.65,0.61,0.56
BAGANGA,53426,56241,58714,59796,0.98,0.91,0.69,0.44
BANAYBANAY,39121,41117,44451,46231,0.95,1.65,1.32,0.95
BOSTON,12670,13535,14618,15074,1.26,1.63,1.21,0.74
CARAGA,36912,40379,39704,39630,1.72,-0.35,-0.21,-0.04
CATEEL,38579,40704,44207,45623,1.03,1.75,1.29,0.76
GOVERNOR GENEROSO,50372,55109,59891,63695,1.73,1.77,1.64,1.49
LUPON,61723,65785,66979,68717,1.22,0.38,0.49,0.62
MANAY,40577,42690,39572,39271,0.97,-1.58,-0.93,-0.18
CITY OF MATI,126143,141141,147547,148672,2.16,0.94,0.58,0.18
SAN ISIDRO,32424,36032,33664,35984,2.03,-1.42,-0.01,1.61
TARRAGONA,25671,26225,26996,27349,0.41,0.61,0.47,0.31
REGION XII (SOCCSKSARGEN),3690174,4053514,4360974,4462776,1.8,1.55,1.08,0.55
COTABATO,1078897,1187423,1275185,1286142,1.84,1.51,0.9,0.21
ALAMADA,56813,64596,68659,71523,2.47,1.29,1.15,0.98
CARMEN,62885,71276,79140,79741,2.41,2.23,1.27,0.18
KABACAN,69026,74711,77164,77945,1.52,0.68,0.48,0.24
CITY OF KIDAPAWAN,125447,140195,160791,160864,2.14,2.93,1.55,0.01
LIBUNGAN,45295,48768,56269,57776,1.42,3.06,1.92,0.64
MAGPET,45183,49201,53800,55255,1.63,1.9,1.31,0.64
MAKILALA,77508,83851,87927,88522,1.51,1.0,0.61,0.16
MATALAM,74034,79361,81355,81610,1.33,0.52,0.31,0.08
MIDSAYAP,101681,111719,117365,115735,1.81,1.04,0.4,-0.33
M'LANG,87749,95070,98195,98646,1.54,0.68,0.41,0.11
PIGKAWAYAN,45059,48911,52744,53593,1.57,1.6,1.03,0.38
PIKIT,49019,64122,67024,67220,5.24,0.94,0.53,0.07
PRESIDENT ROXAS,44229,47575,52512,51245,1.4,2.1,0.84,-0.58
TULUNAN,54884,56513,60978,61901,0.56,1.61,1.03,0.36
ANTIPAS,25242,25304,26817,26946,0.05,1.23,0.71,0.12
BANISILAN,39914,43677,46995,48013,1.73,1.55,1.07,0.52
ALEOSAN,31375,34345,36892,38023,1.74,1.52,1.15,0.73
ARAKAN,43554,48228,50558,51584,1.96,1.0,0.76,0.48
SARANGANI,498904,544261,558946,580915,1.67,0.56,0.73,0.93
ALABEL,75477,80359,88294,90120,1.2,2.0,1.29,0.49
GLAN,106518,118263,109547,117017,2.01,-1.6,-0.12,1.59
KIAMBA,54871,61058,65774,68745,2.05,1.58,1.34,1.07
MAASIM,52933,59468,64940,67907,2.24,1.87,1.5,1.08
MAITUM,41675,44595,44185,46120,1.3,-0.19,0.38,1.03
MALAPATAN,72386,76914,80741,82577,1.16,1.03,0.8,0.54
MALUNGON,95044,103604,105465,108429,1.65,0.38,0.51,0.67
SOUTH COTABATO,827200,915289,975476,1010009,1.94,1.35,1.11,0.84
BANGA,76343,83989,89164,91536,1.83,1.27,0.97,0.63
CITY OF KORONADAL,158273,174942,195398,201844,1.92,2.35,1.62,0.78
NORALA,44635,46642,46682,48499,0.84,0.02,0.44,0.92
POLOMOLOK,138273,152589,172605,176671,1.89,2.63,1.66,0.56
SURALLAH,76035,84539,89340,91412,2.04,1.17,0.88,0.55
TAMPAKAN,36254,39525,41018,42304,1.66,0.78,0.76,0.74
TANTANGAN,40461,43245,45744,48570,1.27,1.19,1.31,1.45
T'BOLI,79175,91453,101049,105296,2.78,2.12,1.59,0.99
TUPI,61843,69976,73459,78599,2.38,1.03,1.31,1.64
SANTO NIÑO,39738,40947,39796,41026,0.57,-0.6,0.02,0.73
LAKE SEBU,76170,87442,81221,84252,2.66,-1.54,-0.42,0.88
CITY OF GENERAL SANTOS,538086,594446,697315,722059,1.91,3.41,2.2,0.84
SULTAN KUDARAT,747087,812095,854052,863651,1.6,1.07,0.69,0.27
BAGUMBAYAN,63700,67061,68947,69830,0.98,0.59,0.45,0.31
COLUMBIO,27440,33258,33527,33337,3.73,0.17,0.03,-0.14
ESPERANZA,63207,66095,74696,73822,0.85,2.61,1.25,-0.28
ISULAN,86602,90682,97490,101455,0.88,1.53,1.27,0.96
KALAMANSIG,46408,49059,50900,52257,1.06,0.78,0.71,0.63
LEBAK,83280,88868,91344,93312,1.24,0.58,0.55,0.51
LUTAYAN,56179,63029,65644,65425,2.21,0.86,0.42,-0.08
LAMBAYONG,65557,77013,79739,81288,3.11,0.73,0.61,0.46
PALIMBANG,83265,90424,92828,83633,1.58,0.55,-0.87,-2.47
PRESIDENT QUIRINO,38753,41408,42244,44344,1.27,0.42,0.77,1.17
CITY OF TACURONG,89188,98316,109319,116945,1.87,2.26,1.96,1.63
SEN. NINOY AQUINO,43508,46882,47374,48003,1.43,0.22,0.27,0.32
REGION XIII (CARAGA),2429224,2596709,2804788,2865196,1.28,1.63,1.11,0.51
AGUSAN DEL NORTE,332487,354503,387503,404100,1.23,1.89,1.48,1.01
BUENAVISTA,56139,61614,68892,70691,1.79,2.38,1.55,0.62
CITY OF CABADBARAN,69241,73639,80354,82343,1.18,1.85,1.26,0.59
CARMEN,19781,20839,23172,23304,1.0,2.26,1.26,0.14
JABONGA,23833,23184,24855,25937,-0.52,1.47,1.27,1.03
KITCHARAO,17377,18659,21278,22671,1.36,2.8,2.21,1.53
LAS NIEVES,26856,28414,30240,32402,1.08,1.32,1.48,1.67
MAGALLANES,21481,21007,22293,22780,-0.42,1.26,0.91,0.52
NASIPIT,40663,41957,44822,46382,0.6,1.4,1.13,0.82
SANTIAGO,20955,24200,28657,33877,2.78,3.62,3.84,4.09
TUBAY,20426,24932,25785,26463,3.87,0.71,0.67,0.62
REMEDIOS T. ROMUALDEZ,15735,16058,17155,17250,0.39,1.4,0.81,0.13
CITY OF BUTUAN,309709,337063,372910,385530,1.62,2.15,1.52,0.8
AGUSAN DEL SUR,656418,700653,739367,740531,1.25,1.14,0.62,0.04
CITY OF BAYUGAN,99361,103202,109499,110313,0.72,1.25,0.75,0.18
BUNAWAN,37482,45151,47512,50999,3.61,1.08,1.37,1.71
ESPERANZA,51897,54801,59353,59065,1.04,1.69,0.84,-0.12
LA PAZ,28562,28217,30969,29096,-0.23,1.98,0.34,-1.48
LORETO,39474,42501,43880,43761,1.42,0.67,0.33,-0.07
PROSPERIDAD,76628,82631,88321,90162,1.45,1.41,0.98,0.5
ROSARIO,38280,46683,49610,51207,3.85,1.29,1.04,0.76
SAN FRANCISCO,70986,74542,80760,79718,0.93,1.7,0.76,-0.31
SAN LUIS,32733,32109,35196,36264,-0.37,1.95,1.37,0.72
SANTA JOSEFA,25156,26729,26432,24667,1.16,-0.23,-0.9,-1.64
TALACOGON,37224,38374,39678,37744,0.58,0.71,-0.19,-1.19
TRENTO,47193,51565,54492,51179,1.7,1.17,-0.08,-1.49
VERUELA,40457,43706,39708,43085,1.48,-2.0,-0.16,1.98
SIBAGAT,30985,30442,33957,33271,-0.34,2.33,1.0,-0.49
DINAGAT ISLANDS,126803,127152,128117,120533,0.05,0.16,-0.6,-1.45
BASILISA,33880,36880,36911,27238,1.63,0.02,-3.34,-7.03
CAGDIANAO,15047,16808,18350,18679,2.13,1.86,1.19,0.43
DINAGAT,12786,10632,10621,10820,-3.45,-0.02,0.2,0.45
LIBJO,17567,17760,18051,18157,0.21,0.34,0.25,0.14
LORETO,8920,9309,9690,9940,0.82,0.85,0.74,0.61
SAN JOSE,31035,27487,26375,26735,-2.28,-0.87,-0.31,0.33
TUBAJON,7568,8276,8119,8964,1.72,-0.4,0.9,2.4
SURIGAO DEL NORTE,442588,485088,534636,565644,1.76,2.07,1.74,1.36
ALEGRIA,14539,16011,16184,17846,1.85,0.23,1.22,2.37
BACUAG,13211,14486,14881,17076,1.77,0.57,1.86,3.35
BURGOS,4058,4034,4185,4399,-0.11,0.78,0.98,1.2
CLAVER,23702,32773,36033,39882,6.36,2.02,2.22,2.46
DAPA,23492,23787,29006,31392,0.24,4.26,3.16,1.91
DEL CARMEN,17136,18392,20127,20786,1.36,1.91,1.38,0.78
GENERAL LUNA,15014,16771,22853,25208,2.13,6.73,4.67,2.38
GIGAQUIT,18784,20864,21849,22949,2.02,0.98,1.07,1.18
MAINIT,25596,26741,28019,29205,0.84,0.99,0.99,1.0
MALIMONO,18316,18054,18852,19442,-0.27,0.91,0.83,0.74
PILAR,9456,9752,10374,11135,0.59,1.31,1.5,1.71
PLACER,24600,27094,29616,30442,1.85,1.89,1.31,0.66
SAN BENITO,5505,5404,5663,5880,-0.35,0.99,0.95,0.91
SAN FRANCISCO,13335,14552,15347,16004,1.68,1.13,1.07,1.01
SAN ISIDRO,6973,7325,8519,8813,0.94,3.23,2.09,0.82
SANTA MONICA,8715,8808,9423,9757,0.2,1.43,1.15,0.84
SISON,11377,13155,14290,14826,2.8,1.76,1.35,0.89
SOCORRO,20304,22314,25942,28436,1.81,3.22,2.75,2.23
CITY OF SURIGAO,140540,154137,171107,177333,1.77,2.22,1.58,0.86
TAGANA-AN,15366,16428,17323,18158,1.28,1.12,1.13,1.14
TUBOD,12569,14206,15043,16675,2.36,1.21,1.81,2.5
SURIGAO DEL SUR,561219,592250,642255,648858,1.03,1.72,1.03,0.25
BAROBO,43663,49730,53146,53729,2.51,1.41,0.87,0.26
BAYABAS,7779,8164,8979,9016,0.92,2.02,1.12,0.1
CITY OF BISLIG,96578,94535,99290,99872,-0.41,1.04,0.62,0.14
CAGWAIT,18899,20384,21747,22305,1.45,1.37,1.01,0.61
CANTILAN,30231,31492,34060,34233,0.78,1.66,0.94,0.12
CARMEN,10287,10347,11720,11859,0.11,2.66,1.54,0.28
CARRASCAL,16529,22479,24586,25672,6.03,1.9,1.5,1.04
CORTES,15541,15912,17924,18023,0.45,2.54,1.41,0.13
HINATUAN,38731,39842,43841,44475,0.54,2.03,1.24,0.34
LANUZA,11857,12001,13642,13750,0.23,2.73,1.54,0.19
LIANGA,28905,29493,33869,34213,0.38,2.95,1.68,0.24
LINGIG,31544,31485,35142,35203,-0.04,2.34,1.26,0.04
MADRID,14888,15223,16653,16872,0.42,1.91,1.16,0.31
MARIHATAG,17926,18518,19441,19730,0.62,1.03,0.71,0.35
SAN AGUSTIN,20655,22779,22855,23612,1.88,0.07,0.4,0.78
SAN MIGUEL,36287,39340,41809,41942,1.55,1.29,0.72,0.08
TAGBINA,34812,38833,41051,41157,2.1,1.18,0.65,0.06
TAGO,33993,35329,39831,40097,0.74,2.56,1.43,0.16
CITY OF TANDAG,52114,56364,62669,63098,1.5,2.26,1.27,0.16
BANGSAMORO AUTONOMOUS REGION IN MUSLIM MINDANAO (BARMM),3675537,4273149,4944800,5691583,2.91,3.12,3.26,3.43
BASILAN,293322,346579,426207,541947,3.23,4.45,5.14,5.93
CITY OF LAMITAN,68996,74782,100150,116652,1.54,6.34,5.11,3.73
LANTAWAN,20087,24594,31040,48777,3.93,5.02,7.98,11.45
MALUSO,33803,40646,45730,66817,3.57,2.51,5.73,9.52
SUMISIP,37031,41730,47345,55778,2.3,2.69,3.31,4.01
TIPO-TIPO,16978,19163,25531,32734,2.33,6.22,6.18,6.14
TUBURAN,18988,20207,24742,30027,1.19,4.35,4.54,4.75
AKBAR,13369,17531,23098,27911,5.29,5.97,5.35,4.64
AL-BARKA,19523,20905,23736,30318,1.31,2.71,4.25,6.05
HADJI MOHAMMAD AJUL,15962,19307,24625,32806,3.69,5.25,6.12,7.12
UNGKAYA PUKAN,17701,18441,24016,31041,0.78,5.71,6.01,6.35
HADJI MUHTAMAD,12249,25085,26867,30122,14.62,1.45,2.07,2.78
TABUAN-LASA,18635,24188,29327,38964,5.09,4.14,5.49,7.05
LANAO DEL SUR,933260,1045429,1195518,1368137,2.18,2.86,3.06,3.29
BACOLOD-KALAWI,18555,20841,23129,24381,2.24,2.22,1.77,1.27
BALABAGAN,25139,26819,29863,31227,1.24,2.29,1.72,1.08
BALINDONG,26007,29180,32573,40047,2.21,2.34,3.61,5.08
BAYANG,21472,23965,28023,30227,2.11,3.35,2.64,1.83
BINIDAYAN,19493,22079,25965,27031,2.4,3.47,2.29,0.97
BUBONG,19455,22336,26514,28733,2.66,3.67,2.86,1.95
BUTIG,16642,19302,22768,25394,2.86,3.54,3.12,2.65
GANASSI,20205,23016,30802,33897,2.51,6.32,4.43,2.32
KAPAI,17370,18894,20581,21630,1.61,1.82,1.53,1.2
LUMBA-BAYABAO,32412,36151,45909,50959,2.1,5.16,3.92,2.53
LUMBATAN,16719,19105,22780,24988,2.57,3.77,3.05,2.24
MADALUM,20243,23127,26478,30044,2.57,2.89,2.98,3.08
MADAMBA,15542,17756,22050,24886,2.57,4.66,3.86,2.94
MALABANG,38724,43957,49088,58377,2.44,2.35,3.23,4.24
MARANTAO,28550,32974,37763,46233,2.78,2.89,3.86,4.97
CITY OF MARAWI,187106,201785,207010,259993,1.45,0.54,2.88,5.62
MASIU,25181,29176,33580,36803,2.84,3.0,2.64,2.22
MULONDO,14065,16067,19932,23159,2.56,4.64,4.18,3.66
PAGAYAWAN,11349,13139,15057,15659,2.83,2.91,1.99,0.94
PIAGAPO,21974,25440,30132,40558,2.83,3.63,5.37,7.39
POONA BAYABAO,19229,22227,31141,33307,2.8,7.35,4.64,1.63
PUALAS,11163,12866,14526,18020,2.74,2.59,3.85,5.3
DITSAAN-RAMAIN,20208,22299,24406,26918,1.89,1.92,2.13,2.38
SAGUIARAN,22673,24619,26712,28807,1.58,1.73,1.78,1.83
TAMPARAN,22367,25874,32074,37190,2.81,4.62,4.15,3.61
TARAKA,20881,23644,27184,29558,2.39,2.98,2.53,2.03
TUBARAN,12933,14749,16896,17567,2.53,2.9,1.98,0.94
TUGAYA,22235,23814,24778,26283,1.31,0.84,1.11,1.42
WAO,40479,45862,50366,51081,2.4,1.99,1.22,0.34
MAROGONG,18541,21319,30118,33595,2.69,7.54,5.23,2.65
CALANOGAS,11988,13750,14985,17585,2.64,1.83,2.8,3.91
BUADIPOSO-BUNTONG,15662,16130,18046,23283,0.56,2.39,4.2,6.3
MAGUING,21444,24531,30436,37292,2.59,4.64,4.81,4.99
PICONG,14136,16615,18907,19296,3.12,2.76,1.69,0.49
LUMBAYANAGUE,14308,16372,19091,21469,2.6,3.29,3.08,2.86
AMAI MANABILANG,8734,10401,12124,14837,3.38,3.28,4.06,4.96
TAGOLOAN II,9843,11169,12602,12843,2.43,2.57,1.58,0.46
KAPATAGAN,13432,15521,20498,23228,2.79,6.03,4.62,3.04
SULTAN DUMALONDONG,10522,11298,12500,12984,1.36,2.15,1.57,0.92
LUMBACA-UNAYAN,6279,7260,8131,8768,2.8,2.41,2.14,1.83
MAGUINDANAO DEL NORTE,708950,836338,943500,1124811,3.19,2.57,3.38,4.31
BARIRA,19686,30004,36143,43301,8.35,3.99,4.2,4.43
BULDON,33729,35282,39684,45676,0.86,2.5,2.94,3.43
CITY OF COTABATO,271786,299438,325079,383383,1.86,1.74,2.81,4.04
DATU BLAH T. SINSUAT,16533,25024,28243,32088,8.21,2.58,2.83,3.11
DATU ODIN SINSUAT,76332,99210,116768,152907,5.12,3.49,4.97,6.68
KABUNTALAN,16794,17276,25439,31863,0.54,8.48,7.1,5.55
MATANOG,23269,29770,36034,41146,4.8,4.1,3.69,3.23
NORTHERN KABUNTALAN,14251,25232,26277,30332,11.48,0.86,2.08,3.5
PARANG,73328,89194,102914,123209,3.8,3.06,3.69,4.41
SULTAN KUDARAT,82758,95201,105121,124965,2.7,2.11,3.1,4.23
SULTAN MASTURA,21712,22261,25331,30828,0.48,2.76,3.72,4.82
TALITAY,13328,14863,17463,19750,2.1,3.45,3.24,3.0
UPI,45444,53583,59004,65363,3.18,2.05,2.25,2.48
MAGUINDANAO DEL SUR,507554,637033,723758,813243,4.42,2.72,2.77,2.84
AMPATUAN,17800,24801,28941,31560,6.52,3.3,2.74,2.1
BULUAN,38106,50008,57406,60931,5.31,2.94,2.24,1.44
DATU ABDULLAH SANGKI,17079,23878,30117,35274,6.58,5.0,4.47,3.86
DATU ANGGAL MIDTIMBANG,13339,25016,28224,35243,12.71,2.57,3.92,5.47
DATU HOFFER AMPATUAN,16295,25012,26660,27678,8.5,1.35,1.14,0.9
DATU PAGLAS,20290,28387,33682,38446,6.6,3.66,3.46,3.22
DATU PIANG,28492,25600,28380,31063,-2.02,2.19,2.19,2.19
DATU SALIBO,15062,14947,18795,21295,-0.15,4.94,4.05,3.04
DATU SAUDI AMPATUAN,20330,26427,31060,33374,5.12,3.46,2.65,1.74
DATU UNSAY,12490,11813,12890,17186,-1.05,1.85,4.29,7.14
GEN. S.K. PENDATUN,24004,28103,31263,33710,3.05,2.27,2.06,1.82
GUINDULUNGAN,16071,19911,24933,28471,4.16,4.85,4.09,3.23
MAMASAPANO,22354,24800,27807,32831,2.0,2.44,3.19,4.06
MANGUDADATU,14864,25046,26203,28511,10.44,0.95,1.46,2.05
PAGAGAWAN,31265,34820,37314,42181,2.07,1.47,2.17,2.98
PAGALUNGAN,31891,39653,46277,49326,4.23,3.3,2.48,1.54
PAGLAT,11207,15920,18727,21317,6.91,3.48,3.33,3.16
PANDAG,13795,25057,26356,29244,12.03,1.07,1.75,2.52
RAJAH BUAYAN,17423,23652,27832,31329,5.99,3.48,3.2,2.88
SHARIFF AGUAK,34376,31692,33982,37437,-1.54,1.48,1.88,2.35
SHARIFF SAYDONA MUSTAPHA,16442,19855,25080,29707,3.65,5.04,4.62,4.14
SOUTH UPI,35990,40178,43197,50018,2.12,1.54,2.49,3.58
SULTAN SA BARONGIS,22547,22425,24476,27929,-0.1,1.86,2.49,3.22
TALAYAN,16042,30032,34156,39182,12.67,2.74,3.03,3.35
SULU,718290,824731,1000108,1146097,2.66,4.14,3.76,3.32
INDANAN,65858,80883,93168,105384,3.99,3.02,3.01,3.0
JOLO,118307,125564,137266,152067,1.14,1.89,2.17,2.49
KALINGALAN CALUANG,26848,31567,39549,42845,3.13,4.86,3.48,1.94
LUUK,29897,32162,37873,44741,1.4,3.5,3.77,4.08
MAIMBUNG,28445,37914,59597,85681,5.62,9.98,9.57,9.1
HADJI PANGLIMA TAHIL,5850,6375,7906,8441,1.65,4.63,3.2,1.58
OLD PANAMAO,37933,40998,49849,53903,1.49,4.2,3.11,1.89
PANGUTARAN,28461,30613,36374,41575,1.4,3.69,3.49,3.26
PARANG,58028,62172,71495,83092,1.32,2.98,3.3,3.67
PATA,14918,22163,24736,27974,7.82,2.34,2.64,2.99
PATIKUL,42036,62287,79564,92600,7.77,5.29,4.54,3.71
SIASI,64229,67705,81689,100076,1.01,4.03,4.48,4.99
TALIPAO,75173,80255,100088,107901,1.25,4.76,3.37,1.82
TAPUL,16370,18197,20799,21830,2.03,2.85,2.06,1.17
TONGKIL,17802,24161,35616,39202,5.98,8.51,5.57,2.33
PANGLIMA ESTINO,27724,28817,34249,37157,0.74,3.7,2.89,1.97
LUGUS,19839,21897,29043,35412,1.9,6.12,5.53,4.87
PANDAMI,22474,25885,33177,35369,2.73,5.36,3.56,1.55
OMAR,18098,25116,28070,30847,6.43,2.37,2.33,2.29
TAWI-TAWI,366550,390715,440276,482645,1.22,2.54,2.4,2.23
PANGLIMA SUGALA,38704,44184,48055,52657,2.55,1.78,1.99,2.22
BONGAO,79362,100527,116118,131887,4.6,3.08,3.09,3.1
MAPUN,24168,26597,30038,29218,1.84,2.59,1.06,-0.66
SIMUNUL,34538,31223,34245,35616,-1.9,1.96,1.49,0.95
SITANGKAI,30514,33334,37319,42172,1.7,2.4,2.67,2.98
SOUTH UBIAN,27741,25935,29583,31942,-1.27,2.81,2.36,1.86
TANDUBAS,27748,29390,34316,34702,1.1,3.31,1.88,0.27
TURTLE ISLANDS,3772,4727,5683,7665,4.39,3.95,5.57,7.44
LANGUYAN,42690,33494,37096,41587,-4.51,2.17,2.46,2.78
SAPA-SAPA,28781,30917,33580,37129,1.37,1.75,2.07,2.44
SIBUTU,28532,30387,34243,38070,1.21,2.55,2.56,2.57
SPECIAL GEOGRAPHIC AREA,147611,192324,215433,214703,5.16,2.42,1.24,-0.08
KAPALAWAN,19584,24645,28463,29191,4.47,3.08,1.92,0.61
OLD KAABAKAN,12256,14450,16658,16181,3.18,3.04,1.28,-0.69
KADAYANGAN,15494,19592,25573,26099,4.57,5.76,3.27,0.49
NABALAWAG,19565,23178,25723,25500,3.28,2.22,1.08,-0.21
PAHAMUDDIN,14916,17885,19627,19262,3.51,1.97,0.83,-0.45
MALIDEGAO,26753,34985,36438,36427,5.24,0.86,0.45,-0.01
LIGAWASAN,16705,25666,29784,28322,8.52,3.18,1.11,-1.2
TUGUNAN,22338,31923,33167,33721,7.03,0.81,0.62,0.4
